日期,版本,事件Id,事件名称,消息数量,独立用户数
2023-02-28,null,rn_share,分享,1,1
2023-02-28,null,canvas_image_seal,印章,2,2
2023-02-28,null,rn_publish,发帖,2,1
2023-02-28,null,canvas_image_print,版画,3,2
2023-02-28,null,canvas_image_bw,黑白画,5,3
2023-02-28,null,canvas_text,创作文本,5,5
2023-02-28,null,rn_faq,FAQ,9,9
2023-02-28,null,canvas_doodle,创作涂鸦,9,5
2023-02-28,null,rn_help,帮助,14,13
2023-02-28,null,canvas_image_dithering,抖动,18,5
2023-02-28,null,rn_course,新手教程,22,14
2023-02-28,null,canvas_material,创作素材,36,8
2023-02-28,null,canvas_image,创作图片,42,8
2023-02-28,null,rn_guide,新手引导,48,30
2023-02-28,null,canvas_image_gcode,GCode,50,4
2023-02-28,null,canvas_shape,创作形状,98,10
2023-02-28,null,create,打开创作,152,23
2023-02-28,null,user_register,用户注册,168,80
2023-02-28,null,preview,预览,321,18
2023-02-28,null,engrave,雕刻,447,16
2023-02-28,null,connect_device,连接设备,4999,592
2023-02-28,null,search_device,搜索设备,7769,639
2023-03-01,null,smart_assistant,智能指南,1,1
2023-03-01,null,mm_unit,毫米单位,2,2
2023-03-01,null,inch_unit,公制单位,2,2
2023-03-01,null,canvas_image_seal,印章,4,3
2023-03-01,null,canvas_image_print,版画,4,3
2023-03-01,null,canvas_image_bw,黑白画,5,3
2023-03-01,null,canvas_image_gcode,GCode,8,3
2023-03-01,null,canvas_text,创作文本,8,5
2023-03-01,null,canvas_doodle,创作涂鸦,12,7
2023-03-01,null,canvas_material,创作素材,17,10
2023-03-01,null,canvas_image,创作图片,19,8
2023-03-01,null,rn_faq,FAQ,22,18
2023-03-01,null,rn_help,帮助,27,15
2023-03-01,null,canvas_shape,创作形状,28,9
2023-03-01,null,rn_guide,新手引导,35,23
2023-03-01,null,rn_course,新手教程,37,14
2023-03-01,null,canvas_image_dithering,抖动,41,7
2023-03-01,null,create,打开创作,87,22
2023-03-01,null,user_register,用户注册,127,57
2023-03-01,null,engrave,雕刻,187,11
2023-03-01,null,preview,预览,189,17
2023-03-01,null,connect_device,连接设备,4169,543
2023-03-01,null,search_device,搜索设备,6514,573
2023-03-02,null,mm_unit,毫米单位,1,1
2023-03-02,null,inch_unit,公制单位,1,1
2023-03-02,null,rn_share,分享,5,4
2023-03-02,null,canvas_image_seal,印章,6,5
2023-03-02,null,canvas_image_gcode,GCode,7,4
2023-03-02,null,canvas_doodle,创作涂鸦,7,5
2023-03-02,null,canvas_image_print,版画,9,4
2023-03-02,null,rn_help,帮助,10,10
2023-03-02,null,canvas_image_bw,黑白画,11,5
2023-03-02,null,rn_faq,FAQ,15,14
2023-03-02,null,canvas_material,创作素材,19,9
2023-03-02,null,canvas_image_dithering,抖动,22,8
2023-03-02,null,canvas_image,创作图片,23,9
2023-03-02,null,rn_guide,新手引导,28,24
2023-03-02,null,rn_course,新手教程,30,14
2023-03-02,null,canvas_shape,创作形状,41,11
2023-03-02,null,canvas_text,创作文本,46,7
2023-03-02,null,create,打开创作,71,21
2023-03-02,null,user_register,用户注册,144,71
2023-03-02,null,preview,预览,315,15
2023-03-02,null,engrave,雕刻,373,13
2023-03-02,null,connect_device,连接设备,3836,545
2023-03-02,null,search_device,搜索设备,6453,581
2023-03-03,null,rn_share,分享,1,1
2023-03-03,null,smart_assistant,智能指南,2,2
2023-03-03,null,mm_unit,毫米单位,2,1
2023-03-03,null,inch_unit,公制单位,2,1
2023-03-03,null,canvas_image_seal,印章,8,4
2023-03-03,null,canvas_image_print,版画,9,6
2023-03-03,null,rn_help,帮助,15,12
2023-03-03,null,rn_faq,FAQ,18,13
2023-03-03,null,rn_course,新手教程,21,10
2023-03-03,null,canvas_image_bw,黑白画,23,10
2023-03-03,null,rn_guide,新手引导,26,16
2023-03-03,null,canvas_image_dithering,抖动,27,12
2023-03-03,null,canvas_doodle,创作涂鸦,29,8
2023-03-03,null,canvas_image_gcode,GCode,30,12
2023-03-03,null,canvas_image,创作图片,31,16
2023-03-03,null,canvas_material,创作素材,34,13
2023-03-03,null,canvas_text,创作文本,51,11
2023-03-03,null,canvas_shape,创作形状,85,14
2023-03-03,null,create,打开创作,109,26
2023-03-03,null,user_register,用户注册,161,71
2023-03-03,null,preview,预览,439,21
2023-03-03,null,engrave,雕刻,452,16
2023-03-03,null,connect_device,连接设备,4676,585
2023-03-03,null,search_device,搜索设备,7246,619
2023-03-04,null,canvas_image_print,版画,1,1
2023-03-04,null,canvas_image_bw,黑白画,3,3
2023-03-04,null,smart_assistant,智能指南,3,2
2023-03-04,null,mm_unit,毫米单位,3,2
2023-03-04,null,inch_unit,公制单位,5,4
2023-03-04,null,canvas_image_seal,印章,6,3
2023-03-04,null,rn_help,帮助,7,6
2023-03-04,null,canvas_text,创作文本,8,6
2023-03-04,null,canvas_doodle,创作涂鸦,11,7
2023-03-04,null,canvas_image_gcode,GCode,15,4
2023-03-04,null,canvas_material,创作素材,15,8
2023-03-04,null,canvas_image_dithering,抖动,16,5
2023-03-04,null,rn_faq,FAQ,19,16
2023-03-04,null,rn_course,新手教程,23,13
2023-03-04,null,rn_guide,新手引导,26,24
2023-03-04,null,canvas_shape,创作形状,27,9
2023-03-04,null,canvas_image,创作图片,48,12
2023-03-04,null,create,打开创作,61,25
2023-03-04,null,user_register,用户注册,107,54
2023-03-04,null,preview,预览,196,16
2023-03-04,null,engrave,雕刻,306,10
2023-03-04,null,connect_device,连接设备,3955,518
2023-03-04,null,search_device,搜索设备,6657,550
2023-03-05,null,rn_share,分享,1,1
2023-03-05,null,smart_assistant,智能指南,5,2
2023-03-05,null,canvas_doodle,创作涂鸦,6,6
2023-03-05,null,canvas_image_seal,印章,10,6
2023-03-05,null,canvas_material,创作素材,11,8
2023-03-05,null,rn_faq,FAQ,15,7
2023-03-05,null,canvas_image_print,版画,15,6
2023-03-05,null,rn_help,帮助,17,11
2023-03-05,null,rn_course,新手教程,17,10
2023-03-05,null,canvas_image_bw,黑白画,18,7
2023-03-05,null,canvas_text,创作文本,19,9
2023-03-05,null,canvas_image_gcode,GCode,21,5
2023-03-05,null,canvas_image_dithering,抖动,24,7
2023-03-05,null,rn_guide,新手引导,26,18
2023-03-05,null,canvas_shape,创作形状,26,10
2023-03-05,null,canvas_image,创作图片,28,11
2023-03-05,null,create,打开创作,72,22
2023-03-05,null,user_register,用户注册,98,49
2023-03-05,null,preview,预览,170,14
2023-03-05,null,engrave,雕刻,296,12
2023-03-05,null,connect_device,连接设备,3861,488
2023-03-05,null,search_device,搜索设备,6430,519
2023-03-06,null,rn_share,分享,1,1
2023-03-06,null,mm_unit,毫米单位,1,1
2023-03-06,null,smart_assistant,智能指南,3,3
2023-03-06,null,inch_unit,公制单位,3,3
2023-03-06,null,canvas_image_seal,印章,10,7
2023-03-06,null,canvas_image_bw,黑白画,11,7
2023-03-06,null,canvas_image_print,版画,11,11
2023-03-06,null,rn_help,帮助,12,10
2023-03-06,null,rn_faq,FAQ,15,12
2023-03-06,null,canvas_doodle,创作涂鸦,20,13
2023-03-06,null,canvas_text,创作文本,25,15
2023-03-06,null,canvas_material,创作素材,26,15
2023-03-06,null,rn_course,新手教程,27,11
2023-03-06,null,rn_guide,新手引导,38,26
2023-03-06,null,canvas_image_gcode,GCode,40,10
2023-03-06,null,canvas_image_dithering,抖动,44,17
2023-03-06,null,canvas_image,创作图片,55,15
2023-03-06,null,canvas_shape,创作形状,58,17
2023-03-06,null,create,打开创作,155,41
2023-03-06,null,user_register,用户注册,175,89
2023-03-06,null,preview,预览,318,23
2023-03-06,null,engrave,雕刻,458,19
2023-03-06,null,connect_device,连接设备,4713,573
2023-03-06,null,search_device,搜索设备,7369,615
2023-03-07,null,rn_share,分享,2,2
2023-03-07,null,smart_assistant,智能指南,2,2
2023-03-07,null,mm_unit,毫米单位,8,8
2023-03-07,null,inch_unit,公制单位,9,9
2023-03-07,null,rn_help,帮助,17,15
2023-03-07,null,canvas_image_seal,印章,18,13
2023-03-07,null,rn_faq,FAQ,22,18
2023-03-07,null,rn_course,新手教程,23,11
2023-03-07,null,canvas_image_bw,黑白画,26,15
2023-03-07,null,rn_guide,新手引导,26,23
2023-03-07,null,canvas_image_print,版画,31,13
2023-03-07,null,canvas_text,创作文本,34,21
2023-03-07,null,canvas_doodle,创作涂鸦,39,17
2023-03-07,null,canvas_material,创作素材,40,22
2023-03-07,null,canvas_image_dithering,抖动,51,21
2023-03-07,null,canvas_shape,创作形状,58,26
2023-03-07,null,canvas_image,创作图片,64,29
2023-03-07,null,canvas_image_gcode,GCode,90,22
2023-03-07,null,create,打开创作,147,55
2023-03-07,null,user_register,用户注册,168,83
2023-03-07,null,preview,预览,246,29
2023-03-07,null,engrave,雕刻,293,19
2023-03-07,null,connect_device,连接设备,4381,598
2023-03-07,null,search_device,搜索设备,7076,657
2023-03-08,null,rn_publish,发帖,1,1
2023-03-08,null,smart_assistant,智能指南,7,4
2023-03-08,null,mm_unit,毫米单位,8,3
2023-03-08,null,inch_unit,公制单位,11,5
2023-03-08,null,canvas_text,创作文本,19,15
2023-03-08,null,rn_help,帮助,24,17
2023-03-08,null,rn_course,新手教程,24,9
2023-03-08,null,canvas_image_seal,印章,27,17
2023-03-08,null,rn_faq,FAQ,29,21
2023-03-08,null,canvas_doodle,创作涂鸦,29,16
2023-03-08,null,rn_guide,新手引导,30,18
2023-03-08,null,canvas_image_print,版画,36,20
2023-03-08,null,canvas_image_bw,黑白画,43,20
2023-03-08,null,canvas_image_dithering,抖动,49,24
2023-03-08,null,canvas_image,创作图片,62,18
2023-03-08,null,canvas_image_gcode,GCode,110,19
2023-03-08,null,user_register,用户注册,132,65
2023-03-08,null,canvas_material,创作素材,132,26
2023-03-08,null,canvas_shape,创作形状,237,28
2023-03-08,null,create,打开创作,312,49
2023-03-08,null,preview,预览,667,26
2023-03-08,null,engrave,雕刻,932,20
2023-03-08,null,connect_device,连接设备,5188,610
2023-03-08,null,search_device,搜索设备,7394,662
2023-03-09,null,smart_assistant,智能指南,6,3
2023-03-09,null,mm_unit,毫米单位,6,6
2023-03-09,null,inch_unit,公制单位,10,10
2023-03-09,null,canvas_image_seal,印章,20,11
2023-03-09,null,rn_help,帮助,24,16
2023-03-09,null,rn_faq,FAQ,25,18
2023-03-09,null,rn_course,新手教程,25,10
2023-03-09,null,canvas_image_print,版画,26,14
2023-03-09,null,rn_guide,新手引导,35,28
2023-03-09,null,canvas_doodle,创作涂鸦,44,23
2023-03-09,null,canvas_text,创作文本,53,25
2023-03-09,null,canvas_image_bw,黑白画,60,21
2023-03-09,null,canvas_image_dithering,抖动,62,22
2023-03-09,null,canvas_image_gcode,GCode,78,18
2023-03-09,null,canvas_image,创作图片,83,31
2023-03-09,null,canvas_material,创作素材,123,30
2023-03-09,null,user_register,用户注册,144,66
2023-03-09,null,canvas_shape,创作形状,253,33
2023-03-09,null,create,打开创作,387,62
2023-03-09,null,preview,预览,820,41
2023-03-09,null,engrave,雕刻,1763,28
2023-03-09,null,connect_device,连接设备,5314,600
2023-03-09,null,search_device,搜索设备,7647,643
2023-03-10,null,smart_assistant,智能指南,3,2
2023-03-10,null,mm_unit,毫米单位,4,3
2023-03-10,null,inch_unit,公制单位,5,4
2023-03-10,null,canvas_image_seal,印章,9,5
2023-03-10,null,rn_help,帮助,11,9
2023-03-10,null,rn_faq,FAQ,16,13
2023-03-10,null,canvas_image_print,版画,16,8
2023-03-10,null,rn_course,新手教程,26,13
2023-03-10,null,canvas_doodle,创作涂鸦,28,15
2023-03-10,null,canvas_image_bw,黑白画,32,14
2023-03-10,null,rn_guide,新手引导,32,21
2023-03-10,null,canvas_image_gcode,GCode,37,11
2023-03-10,null,canvas_image_dithering,抖动,42,18
2023-03-10,null,canvas_image,创作图片,46,21
2023-03-10,null,canvas_material,创作素材,61,24
2023-03-10,null,canvas_text,创作文本,68,25
2023-03-10,null,canvas_shape,创作形状,161,36
2023-03-10,null,user_register,用户注册,176,77
2023-03-10,null,create,打开创作,272,63
2023-03-10,null,preview,预览,586,40
2023-03-10,null,engrave,雕刻,3718,30
2023-03-10,null,connect_device,连接设备,5199,585
2023-03-10,null,search_device,搜索设备,7799,614
2023-03-11,null,mm_unit,毫米单位,4,2
2023-03-11,null,smart_assistant,智能指南,5,4
2023-03-11,null,inch_unit,公制单位,9,7
2023-03-11,null,canvas_image_seal,印章,13,12
2023-03-11,null,rn_help,帮助,14,13
2023-03-11,null,rn_faq,FAQ,17,13
2023-03-11,null,rn_guide,新手引导,24,21
2023-03-11,null,canvas_doodle,创作涂鸦,25,13
2023-03-11,null,canvas_image_bw,黑白画,26,17
2023-03-11,null,rn_course,新手教程,27,12
2023-03-11,null,canvas_image_print,版画,32,21
2023-03-11,null,canvas_image_gcode,GCode,51,22
2023-03-11,null,canvas_material,创作素材,51,24
2023-03-11,null,canvas_text,创作文本,69,25
2023-03-11,null,canvas_image,创作图片,69,28
2023-03-11,null,canvas_image_dithering,抖动,92,26
2023-03-11,null,canvas_shape,创作形状,114,32
2023-03-11,null,user_register,用户注册,121,69
2023-03-11,null,create,打开创作,334,68
2023-03-11,null,preview,预览,751,48
2023-03-11,null,engrave,雕刻,2796,29
2023-03-11,null,connect_device,连接设备,5154,580
2023-03-11,null,search_device,搜索设备,7290,613
2023-03-12,null,mm_unit,毫米单位,2,2
2023-03-12,null,smart_assistant,智能指南,4,2
2023-03-12,null,inch_unit,公制单位,4,4
2023-03-12,null,rn_course,新手教程,13,9
2023-03-12,null,canvas_image_seal,印章,18,14
2023-03-12,null,rn_share,分享,18,5
2023-03-12,null,rn_faq,FAQ,18,15
2023-03-12,null,rn_help,帮助,20,12
2023-03-12,null,canvas_doodle,创作涂鸦,24,16
2023-03-12,null,rn_guide,新手引导,30,21
2023-03-12,null,canvas_material,创作素材,36,21
2023-03-12,null,canvas_image_print,版画,46,11
2023-03-12,null,canvas_image_dithering,抖动,53,19
2023-03-12,null,canvas_text,创作文本,58,22
2023-03-12,null,canvas_image_bw,黑白画,64,19
2023-03-12,null,canvas_image_gcode,GCode,65,20
2023-03-12,null,canvas_image,创作图片,84,24
2023-03-12,null,user_register,用户注册,105,59
2023-03-12,null,canvas_shape,创作形状,109,26
2023-03-12,null,create,打开创作,216,53
2023-03-12,null,preview,预览,360,37
2023-03-12,null,engrave,雕刻,598,24
2023-03-12,null,connect_device,连接设备,4444,535
2023-03-12,null,search_device,搜索设备,7012,559
2023-03-13,null,rn_share,分享,3,3
2023-03-13,null,mm_unit,毫米单位,3,3
2023-03-13,null,canvas_image_seal,印章,4,4
2023-03-13,null,smart_assistant,智能指南,4,3
2023-03-13,null,inch_unit,公制单位,7,5
2023-03-13,null,rn_faq,FAQ,16,15
2023-03-13,null,rn_help,帮助,17,14
2023-03-13,null,canvas_image_bw,黑白画,22,16
2023-03-13,null,rn_course,新手教程,26,12
2023-03-13,null,rn_guide,新手引导,30,23
2023-03-13,null,canvas_doodle,创作涂鸦,36,17
2023-03-13,null,canvas_image_print,版画,38,17
2023-03-13,null,canvas_material,创作素材,57,24
2023-03-13,null,canvas_image_gcode,GCode,64,21
2023-03-13,null,canvas_image_dithering,抖动,75,26
2023-03-13,null,canvas_text,创作文本,83,27
2023-03-13,null,canvas_image,创作图片,101,25
2023-03-13,null,user_register,用户注册,139,64
2023-03-13,null,canvas_shape,创作形状,179,32
2023-03-13,null,create,打开创作,383,68
2023-03-13,null,preview,预览,789,56
2023-03-13,null,engrave,雕刻,2074,39
2023-03-13,null,connect_device,连接设备,5147,600
2023-03-13,null,search_device,搜索设备,7169,620
2023-03-14,null,rn_share,分享,1,1
2023-03-14,null,smart_assistant,智能指南,3,3
2023-03-14,null,mm_unit,毫米单位,5,3
2023-03-14,null,inch_unit,公制单位,9,6
2023-03-14,null,rn_faq,FAQ,10,9
2023-03-14,null,rn_help,帮助,16,15
2023-03-14,null,canvas_doodle,创作涂鸦,19,15
2023-03-14,null,canvas_image_seal,印章,21,10
2023-03-14,null,rn_course,新手教程,24,14
2023-03-14,null,rn_guide,新手引导,30,26
2023-03-14,null,canvas_image_print,版画,39,13
2023-03-14,null,canvas_image_dithering,抖动,40,16
2023-03-14,null,canvas_text,创作文本,40,20
2023-03-14,null,canvas_image_bw,黑白画,41,11
2023-03-14,null,canvas_material,创作素材,53,27
2023-03-14,null,canvas_image_gcode,GCode,78,14
2023-03-14,null,canvas_image,创作图片,79,22
2023-03-14,null,canvas_shape,创作形状,114,28
2023-03-14,null,user_register,用户注册,138,66
2023-03-14,null,create,打开创作,243,55
2023-03-14,null,preview,预览,518,35
2023-03-14,null,engrave,雕刻,654,28
2023-03-14,null,connect_device,连接设备,5105,585
2023-03-14,null,search_device,搜索设备,7959,628
2023-03-15,null,smart_assistant,智能指南,1,1
2023-03-15,null,mm_unit,毫米单位,3,1
2023-03-15,null,rn_share,分享,4,4
2023-03-15,null,inch_unit,公制单位,5,3
2023-03-15,null,rn_help,帮助,7,7
2023-03-15,null,canvas_image_seal,印章,9,8
2023-03-15,null,rn_faq,FAQ,9,8
2023-03-15,null,rn_course,新手教程,20,12
2023-03-15,null,rn_guide,新手引导,23,17
2023-03-15,null,canvas_image_print,版画,28,12
2023-03-15,null,canvas_doodle,创作涂鸦,29,16
2023-03-15,null,canvas_image_bw,黑白画,36,24
2023-03-15,null,canvas_material,创作素材,59,23
2023-03-15,null,canvas_text,创作文本,60,22
2023-03-15,null,canvas_image_dithering,抖动,74,21
2023-03-15,null,canvas_image,创作图片,76,21
2023-03-15,null,canvas_image_gcode,GCode,82,18
2023-03-15,null,canvas_shape,创作形状,124,29
2023-03-15,null,user_register,用户注册,127,64
2023-03-15,null,create,打开创作,285,60
2023-03-15,null,preview,预览,575,42
2023-03-15,null,engrave,雕刻,584,29
2023-03-15,null,connect_device,连接设备,5358,626
2023-03-15,null,search_device,搜索设备,7474,667
2023-03-16,null,rn_share,分享,1,1
2023-03-16,null,rn_publish,发帖,1,1
2023-03-16,null,inch_unit,公制单位,5,4
2023-03-16,null,mm_unit,毫米单位,5,3
2023-03-16,null,smart_assistant,智能指南,6,5
2023-03-16,null,canvas_image_seal,印章,10,7
2023-03-16,null,rn_help,帮助,11,7
2023-03-16,null,rn_faq,FAQ,12,10
2023-03-16,null,rn_course,新手教程,16,9
2023-03-16,null,canvas_doodle,创作涂鸦,19,17
2023-03-16,null,canvas_image_bw,黑白画,33,18
2023-03-16,null,canvas_image_print,版画,39,19
2023-03-16,null,rn_guide,新手引导,42,27
2023-03-16,null,canvas_text,创作文本,56,27
2023-03-16,null,canvas_image_dithering,抖动,65,25
2023-03-16,null,canvas_material,创作素材,70,30
2023-03-16,null,canvas_image,创作图片,71,26
2023-03-16,null,canvas_image_gcode,GCode,80,19
2023-03-16,null,user_register,用户注册,162,86
2023-03-16,null,canvas_shape,创作形状,179,37
2023-03-16,null,create,打开创作,314,74
2023-03-16,null,preview,预览,695,56
2023-03-16,null,engrave,雕刻,1038,43
2023-03-16,null,connect_device,连接设备,5769,663
2023-03-16,null,search_device,搜索设备,8749,686
2023-03-17,null,rn_publish,发帖,2,2
2023-03-17,null,rn_share,分享,3,2
2023-03-17,null,mm_unit,毫米单位,4,2
2023-03-17,null,inch_unit,公制单位,7,4
2023-03-17,null,smart_assistant,智能指南,9,6
2023-03-17,null,canvas_image_seal,印章,12,7
2023-03-17,null,rn_help,帮助,14,12
2023-03-17,null,rn_course,新手教程,19,12
2023-03-17,null,rn_faq,FAQ,20,15
2023-03-17,null,canvas_doodle,创作涂鸦,21,13
2023-03-17,null,rn_guide,新手引导,34,25
2023-03-17,null,canvas_material,创作素材,39,19
2023-03-17,null,canvas_text,创作文本,44,21
2023-03-17,null,canvas_image_print,版画,67,17
2023-03-17,null,canvas_image_bw,黑白画,69,18
2023-03-17,null,canvas_image_gcode,GCode,75,20
2023-03-17,null,canvas_image,创作图片,82,30
2023-03-17,null,canvas_image_dithering,抖动,84,21
2023-03-17,null,canvas_shape,创作形状,99,20
2023-03-17,null,user_register,用户注册,158,79
2023-03-17,null,create,打开创作,338,73
2023-03-17,null,preview,预览,759,47
2023-03-17,null,engrave,雕刻,867,35
2023-03-17,null,connect_device,连接设备,5429,668
2023-03-17,null,search_device,搜索设备,8000,711
2023-03-18,null,rn_share,分享,1,1
2023-03-18,null,mm_unit,毫米单位,2,2
2023-03-18,null,inch_unit,公制单位,2,2
2023-03-18,null,smart_assistant,智能指南,6,3
2023-03-18,null,canvas_image_seal,印章,14,5
2023-03-18,null,rn_faq,FAQ,15,10
2023-03-18,null,rn_help,帮助,18,9
2023-03-18,null,rn_guide,新手引导,20,17
2023-03-18,null,canvas_doodle,创作涂鸦,21,14
2023-03-18,null,canvas_image_bw,黑白画,23,14
2023-03-18,null,canvas_image_print,版画,27,15
2023-03-18,null,rn_course,新手教程,32,15
2023-03-18,null,canvas_image_gcode,GCode,38,15
2023-03-18,null,canvas_material,创作素材,43,16
2023-03-18,null,canvas_text,创作文本,46,18
2023-03-18,null,canvas_image_dithering,抖动,60,20
2023-03-18,null,canvas_image,创作图片,65,20
2023-03-18,null,canvas_shape,创作形状,66,23
2023-03-18,null,user_register,用户注册,108,56
2023-03-18,null,create,打开创作,215,49
2023-03-18,null,preview,预览,323,38
2023-03-18,null,engrave,雕刻,501,28
2023-03-18,null,connect_device,连接设备,4739,581
2023-03-18,null,search_device,搜索设备,7301,603
2023-03-19,null,rn_share,分享,1,1
2023-03-19,null,mm_unit,毫米单位,1,1
2023-03-19,null,inch_unit,公制单位,1,1
2023-03-19,null,canvas_image_seal,印章,5,4
2023-03-19,null,smart_assistant,智能指南,5,3
2023-03-19,null,rn_help,帮助,11,9
2023-03-19,null,rn_faq,FAQ,16,14
2023-03-19,null,rn_course,新手教程,17,9
2023-03-19,null,canvas_doodle,创作涂鸦,20,14
2023-03-19,null,canvas_image_bw,黑白画,21,12
2023-03-19,null,canvas_image_gcode,GCode,21,9
2023-03-19,null,canvas_image_print,版画,23,8
2023-03-19,null,canvas_material,创作素材,26,15
2023-03-19,null,canvas_image_dithering,抖动,34,16
2023-03-19,null,canvas_text,创作文本,37,15
2023-03-19,null,rn_guide,新手引导,38,23
2023-03-19,null,canvas_image,创作图片,47,19
2023-03-19,null,canvas_shape,创作形状,74,16
2023-03-19,null,user_register,用户注册,109,55
2023-03-19,null,create,打开创作,150,48
2023-03-19,null,preview,预览,231,28
2023-03-19,null,engrave,雕刻,481,22
2023-03-19,null,connect_device,连接设备,4347,542
2023-03-19,null,search_device,搜索设备,6973,556
2023-03-20,null,mm_unit,毫米单位,1,1
2023-03-20,null,rn_share,分享,2,2
2023-03-20,null,inch_unit,公制单位,2,2
2023-03-20,null,smart_assistant,智能指南,3,3
2023-03-20,null,canvas_doodle,创作涂鸦,8,8
2023-03-20,null,rn_course,新手教程,13,6
2023-03-20,null,canvas_image_seal,印章,16,10
2023-03-20,null,rn_faq,FAQ,22,19
2023-03-20,null,rn_help,帮助,23,16
2023-03-20,null,canvas_text,创作文本,23,14
2023-03-20,null,rn_guide,新手引导,38,28
2023-03-20,null,canvas_image_print,版画,46,14
2023-03-20,null,canvas_material,创作素材,49,18
2023-03-20,null,canvas_image_gcode,GCode,56,14
2023-03-20,null,canvas_image_bw,黑白画,57,17
2023-03-20,null,canvas_image_dithering,抖动,66,23
2023-03-20,null,canvas_shape,创作形状,108,23
2023-03-20,null,canvas_image,创作图片,110,27
2023-03-20,null,user_register,用户注册,195,95
2023-03-20,null,create,打开创作,269,53
2023-03-20,null,preview,预览,559,40
2023-03-20,null,engrave,雕刻,781,29
2023-03-20,null,connect_device,连接设备,4918,612
2023-03-20,null,search_device,搜索设备,7384,662
2023-03-21,null,rn_publish,发帖,1,1
2023-03-21,null,smart_assistant,智能指南,1,1
2023-03-21,null,mm_unit,毫米单位,3,3
2023-03-21,null,inch_unit,公制单位,6,5
2023-03-21,null,canvas_doodle,创作涂鸦,9,6
2023-03-21,null,canvas_image_seal,印章,13,5
2023-03-21,null,canvas_image_bw,黑白画,21,12
2023-03-21,null,rn_help,帮助,24,22
2023-03-21,null,canvas_image_print,版画,25,11
2023-03-21,null,rn_faq,FAQ,26,23
2023-03-21,null,canvas_image_gcode,GCode,29,14
2023-03-21,null,canvas_text,创作文本,29,13
2023-03-21,null,rn_course,新手教程,33,12
2023-03-21,null,canvas_image_dithering,抖动,38,16
2023-03-21,null,canvas_image,创作图片,48,19
2023-03-21,null,canvas_material,创作素材,48,19
2023-03-21,null,rn_guide,新手引导,53,40
2023-03-21,null,canvas_shape,创作形状,88,21
2023-03-21,null,user_register,用户注册,286,144
2023-03-21,null,create,打开创作,298,54
2023-03-21,null,preview,预览,492,35
2023-03-21,null,engrave,雕刻,616,26
2023-03-21,null,connect_device,连接设备,6142,874
2023-03-21,null,search_device,搜索设备,10215,935
2023-03-22,null,rn_share,分享,4,4
2023-03-22,null,smart_assistant,智能指南,4,4
2023-03-22,null,mm_unit,毫米单位,5,4
2023-03-22,null,inch_unit,公制单位,6,6
2023-03-22,null,canvas_image_seal,印章,14,9
2023-03-22,null,rn_faq,FAQ,25,23
2023-03-22,null,canvas_doodle,创作涂鸦,25,14
2023-03-22,null,rn_help,帮助,27,24
2023-03-22,null,canvas_image_print,版画,31,14
2023-03-22,null,canvas_image_bw,黑白画,34,14
2023-03-22,null,canvas_text,创作文本,35,20
2023-03-22,null,rn_course,新手教程,45,19
2023-03-22,null,canvas_material,创作素材,49,16
2023-03-22,null,canvas_image_dithering,抖动,60,24
2023-03-22,null,rn_guide,新手引导,67,56
2023-03-22,null,canvas_image,创作图片,95,24
2023-03-22,null,canvas_shape,创作形状,106,25
2023-03-22,null,canvas_image_gcode,GCode,154,14
2023-03-22,null,create,打开创作,217,54
2023-03-22,null,engrave,雕刻,421,25
2023-03-22,null,user_register,用户注册,424,206
2023-03-22,null,preview,预览,443,30
2023-03-22,null,connect_device,连接设备,6432,1036
2023-03-22,null,search_device,搜索设备,12464,1127
2023-03-23,null,mm_unit,毫米单位,3,3
2023-03-23,null,rn_share,分享,4,4
2023-03-23,null,inch_unit,公制单位,5,4
2023-03-23,null,canvas_image_seal,印章,12,7
2023-03-23,null,canvas_doodle,创作涂鸦,20,14
2023-03-23,null,canvas_image_print,版画,24,16
2023-03-23,null,rn_faq,FAQ,26,19
2023-03-23,null,rn_help,帮助,31,24
2023-03-23,null,rn_course,新手教程,31,15
2023-03-23,null,canvas_image_bw,黑白画,42,17
2023-03-23,null,canvas_image_dithering,抖动,50,20
2023-03-23,null,canvas_image_gcode,GCode,56,19
2023-03-23,null,rn_guide,新手引导,59,48
2023-03-23,null,canvas_text,创作文本,59,26
2023-03-23,null,canvas_material,创作素材,61,24
2023-03-23,null,canvas_image,创作图片,64,26
2023-03-23,null,canvas_shape,创作形状,113,29
2023-03-23,null,create,打开创作,296,68
2023-03-23,null,user_register,用户注册,359,170
2023-03-23,null,preview,预览,657,46
2023-03-23,null,engrave,雕刻,930,37
2023-03-23,null,connect_device,连接设备,6923,1165
2023-03-23,null,search_device,搜索设备,15068,1248
2023-03-24,null,inch_unit,公制单位,1,1
2023-03-24,null,rn_share,分享,2,2
2023-03-24,null,smart_assistant,智能指南,7,3
2023-03-24,null,canvas_image_seal,印章,13,6
2023-03-24,null,canvas_doodle,创作涂鸦,18,14
2023-03-24,null,rn_faq,FAQ,25,24
2023-03-24,null,rn_course,新手教程,27,19
2023-03-24,null,canvas_image_bw,黑白画,28,12
2023-03-24,null,rn_help,帮助,34,27
2023-03-24,null,canvas_image_print,版画,37,16
2023-03-24,null,canvas_material,创作素材,53,20
2023-03-24,null,canvas_image_dithering,抖动,54,18
2023-03-24,null,canvas_text,创作文本,54,20
2023-03-24,null,canvas_image,创作图片,56,25
2023-03-24,null,canvas_image_gcode,GCode,59,14
2023-03-24,null,rn_guide,新手引导,74,55
2023-03-24,null,canvas_shape,创作形状,104,22
2023-03-24,null,create,打开创作,250,62
2023-03-24,null,user_register,用户注册,323,174
2023-03-24,null,preview,预览,562,40
2023-03-24,null,engrave,雕刻,644,25
2023-03-24,null,connect_device,连接设备,7043,1173
2023-03-24,null,search_device,搜索设备,16776,1266
2023-03-25,null,rn_publish,发帖,1,1
2023-03-25,null,smart_assistant,智能指南,1,1
2023-03-25,null,rn_share,分享,2,2
2023-03-25,null,inch_unit,公制单位,3,3
2023-03-25,null,canvas_image_seal,印章,14,8
2023-03-25,null,canvas_doodle,创作涂鸦,19,13
2023-03-25,null,rn_help,帮助,24,22
2023-03-25,null,rn_faq,FAQ,32,23
2023-03-25,null,canvas_text,创作文本,35,13
2023-03-25,null,canvas_material,创作素材,36,21
2023-03-25,null,rn_course,新手教程,42,22
2023-03-25,null,canvas_image_dithering,抖动,50,21
2023-03-25,null,canvas_image,创作图片,60,24
2023-03-25,null,rn_guide,新手引导,62,42
2023-03-25,null,canvas_image_bw,黑白画,72,10
2023-03-25,null,canvas_image_print,版画,73,14
2023-03-25,null,canvas_shape,创作形状,82,17
2023-03-25,null,canvas_image_gcode,GCode,90,16
2023-03-25,null,create,打开创作,257,56
2023-03-25,null,user_register,用户注册,294,164
2023-03-25,null,preview,预览,637,38
2023-03-25,null,engrave,雕刻,884,30
2023-03-25,null,connect_device,连接设备,6739,1102
2023-03-25,null,search_device,搜索设备,15634,1193
2023-03-26,null,smart_assistant,智能指南,1,1
2023-03-26,null,rn_share,分享,2,2
2023-03-26,null,inch_unit,公制单位,2,2
2023-03-26,null,canvas_image_seal,印章,10,9
2023-03-26,null,canvas_image_print,版画,13,10
2023-03-26,null,canvas_doodle,创作涂鸦,16,12
2023-03-26,null,rn_faq,FAQ,23,20
2023-03-26,null,rn_help,帮助,31,27
2023-03-26,null,canvas_material,创作素材,37,20
2023-03-26,null,canvas_image_gcode,GCode,46,23
2023-03-26,null,rn_course,新手教程,50,22
2023-03-26,null,canvas_image_bw,黑白画,53,15
2023-03-26,null,canvas_text,创作文本,53,21
2023-03-26,null,rn_guide,新手引导,63,45
2023-03-26,null,canvas_image_dithering,抖动,63,23
2023-03-26,null,canvas_shape,创作形状,79,25
2023-03-26,null,canvas_image,创作图片,100,28
2023-03-26,null,user_register,用户注册,274,128
2023-03-26,null,create,打开创作,414,65
2023-03-26,null,preview,预览,930,49
2023-03-26,null,engrave,雕刻,1294,42
2023-03-26,null,connect_device,连接设备,6973,1015
2023-03-26,null,search_device,搜索设备,14242,1100
2023-03-27,null,smart_assistant,智能指南,1,1
2023-03-27,null,mm_unit,毫米单位,2,2
2023-03-27,null,inch_unit,公制单位,4,4
2023-03-27,null,canvas_image_seal,印章,6,6
2023-03-27,null,rn_help,帮助,13,11
2023-03-27,null,canvas_image_print,版画,15,11
2023-03-27,null,canvas_text,创作文本,19,9
2023-03-27,null,canvas_doodle,创作涂鸦,23,13
2023-03-27,null,rn_faq,FAQ,25,21
2023-03-27,null,rn_course,新手教程,38,16
2023-03-27,null,canvas_image_bw,黑白画,42,20
2023-03-27,null,canvas_material,创作素材,48,19
2023-03-27,null,rn_guide,新手引导,64,46
2023-03-27,null,canvas_shape,创作形状,85,19
2023-03-27,null,canvas_image,创作图片,88,28
2023-03-27,null,canvas_image_dithering,抖动,103,26
2023-03-27,null,canvas_image_gcode,GCode,186,26
2023-03-27,null,user_register,用户注册,300,153
2023-03-27,null,create,打开创作,693,65
2023-03-27,null,preview,预览,1141,53
2023-03-27,null,engrave,雕刻,2599,49
2023-03-27,null,connect_device,连接设备,8095,1179
2023-03-27,null,search_device,搜索设备,16388,1259
2023-03-28,null,rn_share,分享,1,1
2023-03-28,null,rn_publish,发帖,1,1
2023-03-28,null,smart_assistant,智能指南,4,4
2023-03-28,null,mm_unit,毫米单位,6,6
2023-03-28,null,inch_unit,公制单位,10,9
2023-03-28,null,canvas_image_seal,印章,11,9
2023-03-28,null,rn_help,帮助,25,19
2023-03-28,null,rn_faq,FAQ,30,23
2023-03-28,null,rn_course,新手教程,36,14
2023-03-28,null,canvas_doodle,创作涂鸦,38,19
2023-03-28,null,canvas_image_print,版画,57,15
2023-03-28,null,canvas_text,创作文本,62,20
2023-03-28,null,rn_guide,新手引导,65,46
2023-03-28,null,canvas_image_bw,黑白画,76,22
2023-03-28,null,canvas_material,创作素材,96,34
2023-03-28,null,canvas_image_dithering,抖动,144,34
2023-03-28,null,canvas_image,创作图片,152,37
2023-03-28,null,canvas_image_gcode,GCode,169,29
2023-03-28,null,canvas_shape,创作形状,278,36
2023-03-28,null,user_register,用户注册,352,162
2023-03-28,null,create,打开创作,998,85
2023-03-28,null,preview,预览,1727,66
2023-03-28,null,engrave,雕刻,3322,59
2023-03-28,null,connect_device,连接设备,9270,1209
2023-03-28,null,search_device,搜索设备,15834,1300
2023-03-29,null,rn_publish,发帖,1,1
2023-03-29,null,inch_unit,公制单位,1,1
2023-03-29,null,rn_share,分享,2,2
2023-03-29,null,smart_assistant,智能指南,2,2
2023-03-29,null,rn_help,帮助,19,18
2023-03-29,null,canvas_doodle,创作涂鸦,19,12
2023-03-29,null,canvas_image_seal,印章,20,11
2023-03-29,null,rn_faq,FAQ,28,24
2023-03-29,null,rn_course,新手教程,32,14
2023-03-29,null,canvas_image_print,版画,42,13
2023-03-29,null,canvas_text,创作文本,42,21
2023-03-29,null,canvas_material,创作素材,51,24
2023-03-29,null,rn_guide,新手引导,53,46
2023-03-29,null,canvas_image_bw,黑白画,59,19
2023-03-29,null,canvas_image,创作图片,108,34
2023-03-29,null,canvas_image_dithering,抖动,146,33
2023-03-29,null,canvas_image_gcode,GCode,201,27
2023-03-29,null,canvas_shape,创作形状,338,44
2023-03-29,null,user_register,用户注册,343,171
2023-03-29,null,create,打开创作,1005,84
2023-03-29,null,preview,预览,1686,68
2023-03-29,null,engrave,雕刻,3933,60
2023-03-29,null,connect_device,连接设备,9354,1259
2023-03-29,null,search_device,搜索设备,18889,1366
2023-03-30,null,smart_assistant,智能指南,1,1
2023-03-30,null,rn_share,分享,3,3
2023-03-30,null,mm_unit,毫米单位,4,2
2023-03-30,null,inch_unit,公制单位,4,3
2023-03-30,null,canvas_image_seal,印章,12,9
2023-03-30,null,canvas_doodle,创作涂鸦,22,16
2023-03-30,null,rn_help,帮助,29,22
2023-03-30,null,canvas_image_print,版画,29,17
2023-03-30,null,rn_faq,FAQ,30,26
2023-03-30,null,rn_course,新手教程,49,20
2023-03-30,null,rn_guide,新手引导,60,41
2023-03-30,null,canvas_material,创作素材,83,35
2023-03-30,null,canvas_image_bw,黑白画,84,20
2023-03-30,null,canvas_text,创作文本,88,25
2023-03-30,null,canvas_image_gcode,GCode,129,27
2023-03-30,null,canvas_image,创作图片,133,39
2023-03-30,null,canvas_image_dithering,抖动,183,35
2023-03-30,null,user_register,用户注册,320,167
2023-03-30,null,canvas_shape,创作形状,398,46
2023-03-30,null,create,打开创作,1116,93
2023-03-30,null,preview,预览,2149,77
2023-03-30,null,engrave,雕刻,3244,62
2023-03-30,null,connect_device,连接设备,9600,1301
2023-03-30,null,search_device,搜索设备,25120,1396
2023-03-31,null,mm_unit,毫米单位,2,2
2023-03-31,null,smart_assistant,智能指南,3,2
2023-03-31,null,inch_unit,公制单位,3,3
2023-03-31,null,canvas_image_seal,印章,6,4
2023-03-31,null,canvas_doodle,创作涂鸦,20,15
2023-03-31,null,rn_help,帮助,22,12
2023-03-31,null,canvas_image_print,版画,26,10
2023-03-31,null,canvas_image_bw,黑白画,27,16
2023-03-31,null,rn_course,新手教程,31,17
2023-03-31,null,rn_faq,FAQ,33,25
2023-03-31,null,canvas_text,创作文本,49,19
2023-03-31,null,rn_guide,新手引导,52,32
2023-03-31,null,canvas_image_gcode,GCode,59,19
2023-03-31,null,canvas_material,创作素材,71,28
2023-03-31,null,canvas_image_dithering,抖动,120,35
2023-03-31,null,canvas_image,创作图片,145,38
2023-03-31,null,user_register,用户注册,299,147
2023-03-31,null,canvas_shape,创作形状,307,35
2023-03-31,null,create,打开创作,917,79
2023-03-31,null,preview,预览,1817,58
2023-03-31,null,engrave,雕刻,2726,53
2023-03-31,null,connect_device,连接设备,9286,1243
2023-03-31,null,search_device,搜索设备,16849,1358
2023-04-01,null,mm_unit,毫米单位,3,3
2023-04-01,null,smart_assistant,智能指南,4,4
2023-04-01,null,inch_unit,公制单位,5,5
2023-04-01,null,canvas_image_seal,印章,12,10
2023-04-01,null,rn_help,帮助,12,9
2023-04-01,null,rn_course,新手教程,19,7
2023-04-01,null,canvas_doodle,创作涂鸦,19,15
2023-04-01,null,rn_faq,FAQ,21,18
2023-04-01,null,canvas_material,创作素材,34,20
2023-04-01,null,canvas_image_print,版画,43,15
2023-04-01,null,canvas_text,创作文本,46,20
2023-04-01,null,canvas_image_bw,黑白画,50,19
2023-04-01,null,rn_guide,新手引导,52,41
2023-04-01,null,canvas_image_gcode,GCode,130,23
2023-04-01,null,canvas_image,创作图片,136,33
2023-04-01,null,canvas_image_dithering,抖动,156,31
2023-04-01,null,canvas_shape,创作形状,208,33
2023-04-01,null,user_register,用户注册,278,131
2023-04-01,null,create,打开创作,657,75
2023-04-01,null,preview,预览,1346,64
2023-04-01,null,engrave,雕刻,1889,59
2023-04-01,null,connect_device,连接设备,8100,1089
2023-04-01,null,search_device,搜索设备,15299,1192
2023-04-02,null,smart_assistant,智能指南,1,1
2023-04-02,null,mm_unit,毫米单位,2,2
2023-04-02,null,inch_unit,公制单位,5,5
2023-04-02,null,canvas_image_seal,印章,15,11
2023-04-02,null,rn_help,帮助,22,15
2023-04-02,null,rn_faq,FAQ,32,24
2023-04-02,null,canvas_doodle,创作涂鸦,32,17
2023-04-02,null,rn_course,新手教程,41,18
2023-04-02,null,canvas_image_print,版画,49,18
2023-04-02,null,canvas_material,创作素材,50,27
2023-04-02,null,canvas_image_bw,黑白画,54,15
2023-04-02,null,canvas_text,创作文本,73,31
2023-04-02,null,rn_guide,新手引导,75,46
2023-04-02,null,canvas_image_gcode,GCode,79,27
2023-04-02,null,canvas_image_dithering,抖动,80,27
2023-04-02,null,canvas_image,创作图片,112,43
2023-04-02,null,user_register,用户注册,218,113
2023-04-02,null,canvas_shape,创作形状,263,38
2023-04-02,null,create,打开创作,617,81
2023-04-02,null,preview,预览,1201,61
2023-04-02,null,engrave,雕刻,1951,52
2023-04-02,null,connect_device,连接设备,8616,1007
2023-04-02,null,search_device,搜索设备,17036,1089
2023-04-03,null,mm_unit,毫米单位,1,1
2023-04-03,null,rn_share,分享,2,2
2023-04-03,null,inch_unit,公制单位,2,2
2023-04-03,null,rn_publish,发帖,2,2
2023-04-03,null,smart_assistant,智能指南,3,2
2023-04-03,null,canvas_image_seal,印章,14,9
2023-04-03,null,canvas_doodle,创作涂鸦,15,12
2023-04-03,null,rn_help,帮助,26,20
2023-04-03,null,canvas_image_bw,黑白画,26,16
2023-04-03,null,canvas_image_print,版画,32,14
2023-04-03,null,canvas_image_gcode,GCode,42,20
2023-04-03,null,canvas_material,创作素材,43,25
2023-04-03,null,rn_faq,FAQ,44,31
2023-04-03,null,rn_course,新手教程,59,19
2023-04-03,null,canvas_text,创作文本,67,24
2023-04-03,null,rn_guide,新手引导,78,55
2023-04-03,null,canvas_image,创作图片,83,31
2023-04-03,null,canvas_image_dithering,抖动,164,47
2023-04-03,null,user_register,用户注册,253,120
2023-04-03,null,canvas_shape,创作形状,399,42
2023-04-03,null,create,打开创作,904,82
2023-04-03,null,preview,预览,1674,68
2023-04-03,null,engrave,雕刻,2770,64
2023-04-03,null,connect_device,连接设备,9042,1151
2023-04-03,null,search_device,搜索设备,17445,1252
2023-04-04,null,rn_share,分享,1,1
2023-04-04,null,smart_assistant,智能指南,5,1
2023-04-04,null,mm_unit,毫米单位,5,2
2023-04-04,null,inch_unit,公制单位,6,3
2023-04-04,null,canvas_image_seal,印章,15,5
2023-04-04,null,canvas_doodle,创作涂鸦,21,12
2023-04-04,null,rn_help,帮助,22,14
2023-04-04,null,rn_faq,FAQ,24,19
2023-04-04,null,rn_course,新手教程,28,19
2023-04-04,null,canvas_material,创作素材,38,19
2023-04-04,null,canvas_text,创作文本,39,14
2023-04-04,null,rn_guide,新手引导,57,41
2023-04-04,null,canvas_image_bw,黑白画,75,17
2023-04-04,null,canvas_image_print,版画,89,11
2023-04-04,null,canvas_image_gcode,GCode,101,15
2023-04-04,null,canvas_image,创作图片,133,32
2023-04-04,null,canvas_image_dithering,抖动,187,41
2023-04-04,null,canvas_shape,创作形状,232,28
2023-04-04,null,user_register,用户注册,267,132
2023-04-04,null,create,打开创作,784,77
2023-04-04,null,preview,预览,1855,69
2023-04-04,null,engrave,雕刻,2785,61
2023-04-04,null,connect_device,连接设备,9388,1223
2023-04-04,null,search_device,搜索设备,17726,1298
2023-04-05,null,rn_share,分享,1,1
2023-04-05,null,rn_publish,发帖,1,1
2023-04-05,null,smart_assistant,智能指南,2,2
2023-04-05,null,mm_unit,毫米单位,4,4
2023-04-05,null,inch_unit,公制单位,5,5
2023-04-05,null,canvas_image_seal,印章,9,7
2023-04-05,null,rn_help,帮助,17,15
2023-04-05,null,canvas_doodle,创作涂鸦,21,9
2023-04-05,null,canvas_material,创作素材,23,12
2023-04-05,null,rn_faq,FAQ,28,22
2023-04-05,null,rn_course,新手教程,28,14
2023-04-05,null,canvas_image_bw,黑白画,40,15
2023-04-05,null,canvas_text,创作文本,50,20
2023-04-05,null,canvas_image_gcode,GCode,53,18
2023-04-05,null,canvas_image_print,版画,53,13
2023-04-05,null,rn_guide,新手引导,57,46
2023-04-05,null,canvas_image,创作图片,74,24
2023-04-05,null,canvas_image_dithering,抖动,105,27
2023-04-05,null,canvas_shape,创作形状,114,27
2023-04-05,null,user_register,用户注册,250,124
2023-04-05,null,create,打开创作,368,63
2023-04-05,null,preview,预览,864,51
2023-04-05,null,engrave,雕刻,1170,47
2023-04-05,null,connect_device,连接设备,6727,1217
2023-04-05,null,search_device,搜索设备,24486,1297
2023-04-06,null,smart_assistant,智能指南,1,1
2023-04-06,null,rn_share,分享,2,2
2023-04-06,null,mm_unit,毫米单位,5,4
2023-04-06,null,inch_unit,公制单位,5,4
2023-04-06,null,canvas_image_seal,印章,13,8
2023-04-06,null,canvas_doodle,创作涂鸦,14,11
2023-04-06,null,rn_help,帮助,27,22
2023-04-06,null,canvas_material,创作素材,42,21
2023-04-06,null,rn_faq,FAQ,44,29
2023-04-06,null,canvas_image_print,版画,47,18
2023-04-06,null,rn_course,新手教程,59,18
2023-04-06,null,rn_guide,新手引导,60,41
2023-04-06,null,canvas_image_bw,黑白画,61,23
2023-04-06,null,canvas_text,创作文本,61,20
2023-04-06,null,canvas_image_gcode,GCode,119,18
2023-04-06,null,canvas_image,创作图片,179,31
2023-04-06,null,canvas_image_dithering,抖动,246,43
2023-04-06,null,user_register,用户注册,251,120
2023-04-06,null,canvas_shape,创作形状,274,39
2023-04-06,null,create,打开创作,978,82
2023-04-06,null,preview,预览,2157,68
2023-04-06,null,engrave,雕刻,3264,61
2023-04-06,null,connect_device,连接设备,9718,1222
2023-04-06,null,search_device,搜索设备,16882,1311
2023-04-07,null,smart_assistant,智能指南,1,1
2023-04-07,null,rn_share,分享,3,3
2023-04-07,null,mm_unit,毫米单位,3,2
2023-04-07,null,inch_unit,公制单位,4,3
2023-04-07,null,canvas_image_seal,印章,9,6
2023-04-07,null,canvas_image_print,版画,19,8
2023-04-07,null,canvas_image_bw,黑白画,22,14
2023-04-07,null,rn_help,帮助,23,18
2023-04-07,null,rn_faq,FAQ,27,21
2023-04-07,null,canvas_doodle,创作涂鸦,31,16
2023-04-07,null,canvas_image_gcode,GCode,33,9
2023-04-07,null,rn_course,新手教程,46,18
2023-04-07,null,canvas_text,创作文本,55,14
2023-04-07,null,rn_guide,新手引导,69,43
2023-04-07,null,canvas_material,创作素材,76,23
2023-04-07,null,canvas_image,创作图片,115,23
2023-04-07,null,canvas_image_dithering,抖动,200,40
2023-04-07,null,user_register,用户注册,240,132
2023-04-07,null,canvas_shape,创作形状,318,31
2023-04-07,null,create,打开创作,668,76
2023-04-07,null,preview,预览,1756,67
2023-04-07,null,engrave,雕刻,2432,63
2023-04-07,null,connect_device,连接设备,8037,1161
2023-04-07,null,search_device,搜索设备,15395,1252
2023-04-08,null,smart_assistant,智能指南,1,1
2023-04-08,null,inch_unit,公制单位,1,1
2023-04-08,null,rn_share,分享,4,3
2023-04-08,null,canvas_image_seal,印章,9,6
2023-04-08,null,rn_help,帮助,12,10
2023-04-08,null,canvas_doodle,创作涂鸦,15,13
2023-04-08,null,rn_faq,FAQ,21,18
2023-04-08,null,rn_course,新手教程,28,14
2023-04-08,null,canvas_text,创作文本,34,10
2023-04-08,null,canvas_image_bw,黑白画,41,12
2023-04-08,null,canvas_image_print,版画,42,14
2023-04-08,null,rn_guide,新手引导,48,30
2023-04-08,null,canvas_image_gcode,GCode,57,16
2023-04-08,null,canvas_material,创作素材,60,20
2023-04-08,null,canvas_image,创作图片,121,25
2023-04-08,null,canvas_image_dithering,抖动,133,30
2023-04-08,null,canvas_shape,创作形状,156,39
2023-04-08,null,user_register,用户注册,183,92
2023-04-08,null,create,打开创作,552,71
2023-04-08,null,preview,预览,1144,52
2023-04-08,null,engrave,雕刻,1327,46
2023-04-08,null,connect_device,连接设备,7298,1090
2023-04-08,null,search_device,搜索设备,13989,1179
2023-04-09,null,rn_publish,发帖,1,1
2023-04-09,null,rn_share,分享,5,2
2023-04-09,null,smart_assistant,智能指南,5,4
2023-04-09,null,rn_faq,FAQ,15,13
2023-04-09,null,canvas_image_seal,印章,16,7
2023-04-09,null,rn_help,帮助,17,14
2023-04-09,null,canvas_doodle,创作涂鸦,18,11
2023-04-09,null,canvas_image_print,版画,34,11
2023-04-09,null,rn_guide,新手引导,37,33
2023-04-09,null,rn_course,新手教程,38,15
2023-04-09,null,canvas_image_bw,黑白画,49,11
2023-04-09,null,canvas_material,创作素材,51,16
2023-04-09,null,canvas_image_gcode,GCode,58,14
2023-04-09,null,canvas_text,创作文本,68,18
2023-04-09,null,canvas_image_dithering,抖动,69,17
2023-04-09,null,canvas_image,创作图片,85,28
2023-04-09,null,canvas_shape,创作形状,104,24
2023-04-09,null,user_register,用户注册,148,75
2023-04-09,null,create,打开创作,185,52
2023-04-09,null,preview,预览,489,32
2023-04-09,null,engrave,雕刻,1017,29
2023-04-09,null,connect_device,连接设备,5127,956
2023-04-09,null,search_device,搜索设备,11961,1049
2023-04-10,null,rn_share,分享,1,1
2023-04-10,null,rn_publish,发帖,1,1
2023-04-10,null,mm_unit,毫米单位,1,1
2023-04-10,null,smart_assistant,智能指南,2,2
2023-04-10,null,inch_unit,公制单位,4,4
2023-04-10,null,rn_help,帮助,8,7
2023-04-10,null,rn_faq,FAQ,11,9
2023-04-10,null,rn_course,新手教程,21,11
2023-04-10,null,canvas_image_seal,印章,27,12
2023-04-10,null,canvas_image_print,版画,29,15
2023-04-10,null,rn_guide,新手引导,30,26
2023-04-10,null,canvas_material,创作素材,40,21
2023-04-10,null,canvas_doodle,创作涂鸦,53,20
2023-04-10,null,canvas_image_gcode,GCode,56,21
2023-04-10,null,canvas_image_bw,黑白画,63,18
2023-04-10,null,canvas_text,创作文本,79,24
2023-04-10,null,canvas_image_dithering,抖动,140,29
2023-04-10,null,canvas_image,创作图片,154,33
2023-04-10,null,user_register,用户注册,205,100
2023-04-10,null,canvas_shape,创作形状,241,29
2023-04-10,null,create,打开创作,508,69
2023-04-10,null,preview,预览,1126,52
2023-04-10,null,engrave,雕刻,1761,44
2023-04-10,null,connect_device,连接设备,6665,1088
2023-04-10,null,search_device,搜索设备,12503,1170
2023-04-11,null,inch_unit,公制单位,1,1
2023-04-11,null,smart_assistant,智能指南,3,2
2023-04-11,null,canvas_image_seal,印章,12,6
2023-04-11,null,rn_course,新手教程,17,14
2023-04-11,null,canvas_doodle,创作涂鸦,17,10
2023-04-11,null,rn_faq,FAQ,20,16
2023-04-11,null,rn_help,帮助,22,17
2023-04-11,null,canvas_image_bw,黑白画,26,13
2023-04-11,null,canvas_image_print,版画,32,12
2023-04-11,null,canvas_material,创作素材,41,16
2023-04-11,null,rn_guide,新手引导,48,35
2023-04-11,null,canvas_image_gcode,GCode,49,9
2023-04-11,null,canvas_text,创作文本,56,17
2023-04-11,null,canvas_image_dithering,抖动,63,19
2023-04-11,null,canvas_image,创作图片,67,21
2023-04-11,null,canvas_shape,创作形状,166,34
2023-04-11,null,user_register,用户注册,215,103
2023-04-11,null,create,打开创作,269,64
2023-04-11,null,preview,预览,875,56
2023-04-11,null,engrave,雕刻,1667,48
2023-04-11,null,connect_device,连接设备,6378,1168
2023-04-11,null,search_device,搜索设备,17615,1250
2023-04-12,null,smart_assistant,智能指南,1,1
2023-04-12,null,mm_unit,毫米单位,3,3
2023-04-12,null,inch_unit,公制单位,3,3
2023-04-12,null,rn_course,新手教程,15,11
2023-04-12,null,canvas_doodle,创作涂鸦,16,9
2023-04-12,null,canvas_image_seal,印章,18,10
2023-04-12,null,rn_help,帮助,26,22
2023-04-12,null,canvas_image_print,版画,27,13
2023-04-12,null,rn_faq,FAQ,34,27
2023-04-12,null,canvas_image_bw,黑白画,39,15
2023-04-12,null,rn_guide,新手引导,45,37
2023-04-12,null,canvas_text,创作文本,45,19
2023-04-12,null,canvas_material,创作素材,70,26
2023-04-12,null,canvas_image_gcode,GCode,92,19
2023-04-12,null,canvas_image_dithering,抖动,139,24
2023-04-12,null,canvas_image,创作图片,144,24
2023-04-12,null,canvas_shape,创作形状,176,31
2023-04-12,null,user_register,用户注册,291,140
2023-04-12,null,create,打开创作,586,79
2023-04-12,null,preview,预览,1328,60
2023-04-12,null,engrave,雕刻,2345,51
2023-04-12,null,connect_device,连接设备,8587,1218
2023-04-12,null,search_device,搜索设备,18260,1308
2023-04-13,null,smart_assistant,智能指南,3,2
2023-04-13,null,mm_unit,毫米单位,6,2
2023-04-13,null,inch_unit,公制单位,9,5
2023-04-13,null,canvas_doodle,创作涂鸦,11,8
2023-04-13,null,canvas_image_seal,印章,15,9
2023-04-13,null,rn_help,帮助,24,19
2023-04-13,null,rn_faq,FAQ,32,26
2023-04-13,null,canvas_material,创作素材,35,21
2023-04-13,null,canvas_image_print,版画,38,16
2023-04-13,null,rn_course,新手教程,40,20
2023-04-13,null,canvas_image_bw,黑白画,46,17
2023-04-13,null,canvas_text,创作文本,46,20
2023-04-13,null,canvas_image_gcode,GCode,47,19
2023-04-13,null,rn_guide,新手引导,51,34
2023-04-13,null,canvas_shape,创作形状,118,27
2023-04-13,null,canvas_image_dithering,抖动,156,27
2023-04-13,null,canvas_image,创作图片,160,37
2023-04-13,null,user_register,用户注册,257,117
2023-04-13,null,create,打开创作,562,69
2023-04-13,null,preview,预览,1052,60
2023-04-13,null,engrave,雕刻,1209,54
2023-04-13,null,connect_device,连接设备,8285,1220
2023-04-13,null,search_device,搜索设备,16686,1328
2023-04-14,null,rn_share,分享,2,2
2023-04-14,null,mm_unit,毫米单位,2,2
2023-04-14,null,inch_unit,公制单位,5,4
2023-04-14,null,canvas_image_seal,印章,11,9
2023-04-14,null,rn_faq,FAQ,16,14
2023-04-14,null,canvas_doodle,创作涂鸦,21,18
2023-04-14,null,rn_help,帮助,27,21
2023-04-14,null,canvas_text,创作文本,31,16
2023-04-14,null,rn_course,新手教程,40,15
2023-04-14,null,canvas_material,创作素材,53,27
2023-04-14,null,canvas_image_print,版画,55,21
2023-04-14,null,rn_guide,新手引导,56,39
2023-04-14,null,canvas_image_bw,黑白画,80,26
2023-04-14,null,canvas_shape,创作形状,96,29
2023-04-14,null,canvas_image_gcode,GCode,105,27
2023-04-14,null,canvas_image,创作图片,112,33
2023-04-14,null,canvas_image_dithering,抖动,166,42
2023-04-14,null,user_register,用户注册,235,110
2023-04-14,null,create,打开创作,489,81
2023-04-14,null,preview,预览,1000,64
2023-04-14,null,engrave,雕刻,1500,56
2023-04-14,null,connect_device,连接设备,7631,1236
2023-04-14,null,search_device,搜索设备,14871,1338
2023-04-15,null,rn_publish,发帖,1,1
2023-04-15,null,rn_share,分享,2,2
2023-04-15,null,smart_assistant,智能指南,2,2
2023-04-15,null,mm_unit,毫米单位,2,1
2023-04-15,null,inch_unit,公制单位,3,2
2023-04-15,null,canvas_doodle,创作涂鸦,13,12
2023-04-15,null,rn_faq,FAQ,23,18
2023-04-15,null,rn_help,帮助,25,19
2023-04-15,null,canvas_image_seal,印章,31,11
2023-04-15,null,canvas_image_bw,黑白画,40,16
2023-04-15,null,canvas_material,创作素材,41,14
2023-04-15,null,rn_course,新手教程,50,20
2023-04-15,null,canvas_image_print,版画,52,18
2023-04-15,null,rn_guide,新手引导,56,45
2023-04-15,null,canvas_text,创作文本,56,22
2023-04-15,null,canvas_image_gcode,GCode,96,28
2023-04-15,null,canvas_image,创作图片,122,34
2023-04-15,null,canvas_shape,创作形状,199,32
2023-04-15,null,user_register,用户注册,210,99
2023-04-15,null,canvas_image_dithering,抖动,314,36
2023-04-15,null,create,打开创作,965,75
2023-04-15,null,preview,预览,1712,58
2023-04-15,null,engrave,雕刻,2267,51
2023-04-15,null,connect_device,连接设备,9684,1149
2023-04-15,null,search_device,搜索设备,16781,1244
2023-04-16,null,smart_assistant,智能指南,2,2
2023-04-16,null,mm_unit,毫米单位,3,2
2023-04-16,null,rn_publish,发帖,5,4
2023-04-16,null,inch_unit,公制单位,5,3
2023-04-16,null,rn_help,帮助,14,12
2023-04-16,null,canvas_image_seal,印章,15,6
2023-04-16,null,canvas_doodle,创作涂鸦,18,14
2023-04-16,null,rn_course,新手教程,20,12
2023-04-16,null,rn_faq,FAQ,28,23
2023-04-16,null,canvas_image_print,版画,30,15
2023-04-16,null,canvas_material,创作素材,42,21
2023-04-16,null,rn_guide,新手引导,59,37
2023-04-16,null,canvas_image_bw,黑白画,65,24
2023-04-16,null,canvas_image_gcode,GCode,69,20
2023-04-16,null,canvas_text,创作文本,76,20
2023-04-16,null,canvas_shape,创作形状,116,27
2023-04-16,null,canvas_image,创作图片,138,31
2023-04-16,null,user_register,用户注册,146,71
2023-04-16,null,canvas_image_dithering,抖动,180,34
2023-04-16,null,create,打开创作,659,65
2023-04-16,null,preview,预览,1246,52
2023-04-16,null,engrave,雕刻,1878,45
2023-04-16,null,connect_device,连接设备,7380,994
2023-04-16,null,search_device,搜索设备,15468,1080
2023-04-17,null,rn_publish,发帖,1,1
2023-04-17,null,mm_unit,毫米单位,1,1
2023-04-17,null,rn_share,分享,2,2
2023-04-17,null,inch_unit,公制单位,2,2
2023-04-17,null,smart_assistant,智能指南,2,2
2023-04-17,null,canvas_doodle,创作涂鸦,12,12
2023-04-17,null,canvas_image_seal,印章,21,9
2023-04-17,null,canvas_image_print,版画,21,12
2023-04-17,null,rn_faq,FAQ,22,21
2023-04-17,null,rn_help,帮助,28,23
2023-04-17,null,rn_course,新手教程,34,17
2023-04-17,null,canvas_image_bw,黑白画,48,22
2023-04-17,null,rn_guide,新手引导,50,35
2023-04-17,null,canvas_text,创作文本,58,24
2023-04-17,null,canvas_material,创作素材,60,25
2023-04-17,null,canvas_image_gcode,GCode,116,28
2023-04-17,null,canvas_image,创作图片,116,38
2023-04-17,null,canvas_shape,创作形状,162,41
2023-04-17,null,canvas_image_dithering,抖动,173,41
2023-04-17,null,user_register,用户注册,208,104
2023-04-17,null,create,打开创作,826,93
2023-04-17,null,preview,预览,1612,79
2023-04-17,null,engrave,雕刻,2125,69
2023-04-17,null,connect_device,连接设备,8226,1197
2023-04-17,null,search_device,搜索设备,20726,1287
2023-04-18,null,rn_share,分享,1,1
2023-04-18,null,rn_publish,发帖,3,3
2023-04-18,null,inch_unit,公制单位,3,2
2023-04-18,null,mm_unit,毫米单位,4,3
2023-04-18,null,canvas_image_seal,印章,9,8
2023-04-18,null,rn_help,帮助,16,12
2023-04-18,null,rn_faq,FAQ,19,15
2023-04-18,null,canvas_doodle,创作涂鸦,24,13
2023-04-18,null,rn_course,新手教程,41,14
2023-04-18,null,canvas_material,创作素材,43,24
2023-04-18,null,rn_guide,新手引导,49,37
2023-04-18,null,canvas_image_print,版画,56,23
2023-04-18,null,canvas_image_gcode,GCode,83,24
2023-04-18,null,canvas_image_bw,黑白画,117,22
2023-04-18,null,canvas_text,创作文本,152,29
2023-04-18,null,canvas_image,创作图片,196,37
2023-04-18,null,canvas_shape,创作形状,198,41
2023-04-18,null,user_register,用户注册,237,118
2023-04-18,null,canvas_image_dithering,抖动,261,41
2023-04-18,null,create,打开创作,839,90
2023-04-18,null,preview,预览,1822,72
2023-04-18,null,engrave,雕刻,2360,65
2023-04-18,null,connect_device,连接设备,9357,1328
2023-04-18,null,search_device,搜索设备,34519,1416
2023-04-19,null,rn_publish,发帖,1,1
2023-04-19,null,smart_assistant,智能指南,1,1
2023-04-19,null,mm_unit,毫米单位,1,1
2023-04-19,null,rn_share,分享,2,1
2023-04-19,null,inch_unit,公制单位,3,3
2023-04-19,null,rn_course,新手教程,18,13
2023-04-19,null,rn_help,帮助,20,16
2023-04-19,null,canvas_doodle,创作涂鸦,20,9
2023-04-19,null,rn_faq,FAQ,29,25
2023-04-19,null,canvas_image_seal,印章,29,13
2023-04-19,null,canvas_image_print,版画,33,15
2023-04-19,null,rn_guide,新手引导,42,37
2023-04-19,null,canvas_image_gcode,GCode,70,17
2023-04-19,null,canvas_image_bw,黑白画,83,24
2023-04-19,null,canvas_material,创作素材,84,26
2023-04-19,null,canvas_image,创作图片,136,38
2023-04-19,null,user_register,用户注册,210,103
2023-04-19,null,canvas_text,创作文本,233,21
2023-04-19,null,canvas_image_dithering,抖动,302,49
2023-04-19,null,canvas_shape,创作形状,335,38
2023-04-19,null,create,打开创作,910,93
2023-04-19,null,preview,预览,2600,75
2023-04-19,null,engrave,雕刻,3917,64
2023-04-19,null,connect_device,连接设备,9558,1314
2023-04-19,null,search_device,搜索设备,36775,1400
2023-04-20,null,rn_publish,发帖,1,1
2023-04-20,null,rn_share,分享,2,2
2023-04-20,null,canvas_image_grey,灰度,2,1
2023-04-20,null,smart_assistant,智能指南,5,4
2023-04-20,null,mm_unit,毫米单位,5,4
2023-04-20,null,inch_unit,公制单位,6,5
2023-04-20,null,canvas_doodle,创作涂鸦,19,13
2023-04-20,null,rn_help,帮助,20,16
2023-04-20,null,canvas_image_seal,印章,27,11
2023-04-20,null,rn_faq,FAQ,29,24
2023-04-20,null,canvas_image_print,版画,40,16
2023-04-20,null,canvas_image_gcode,GCode,48,21
2023-04-20,null,rn_guide,新手引导,63,47
2023-04-20,null,rn_course,新手教程,63,24
2023-04-20,null,canvas_image_bw,黑白画,71,23
2023-04-20,null,canvas_text,创作文本,83,25
2023-04-20,null,canvas_material,创作素材,111,29
2023-04-20,null,user_register,用户注册,233,109
2023-04-20,null,canvas_image,创作图片,237,42
2023-04-20,null,canvas_shape,创作形状,255,32
2023-04-20,null,canvas_image_dithering,抖动,307,44
2023-04-20,null,create,打开创作,927,107
2023-04-20,null,preview,预览,2066,75
2023-04-20,null,engrave,雕刻,2855,68
2023-04-20,null,connect_device,连接设备,9801,1327
2023-04-20,null,search_device,搜索设备,26624,1412
2023-04-21,null,rn_share,分享,2,1
2023-04-21,null,mm_unit,毫米单位,5,4
2023-04-21,null,inch_unit,公制单位,7,6
2023-04-21,null,smart_assistant,智能指南,9,7
2023-04-21,null,canvas_image_seal,印章,10,6
2023-04-21,null,canvas_image_print,版画,18,9
2023-04-21,null,canvas_doodle,创作涂鸦,21,12
2023-04-21,null,rn_help,帮助,26,17
2023-04-21,null,rn_faq,FAQ,31,22
2023-04-21,null,canvas_image_bw,黑白画,40,17
2023-04-21,null,rn_course,新手教程,43,18
2023-04-21,null,canvas_image_gcode,GCode,47,12
2023-04-21,null,rn_guide,新手引导,49,32
2023-04-21,null,canvas_material,创作素材,51,27
2023-04-21,null,canvas_text,创作文本,102,28
2023-04-21,null,canvas_image,创作图片,193,44
2023-04-21,null,canvas_shape,创作形状,204,38
2023-04-21,null,canvas_image_dithering,抖动,210,40
2023-04-21,null,user_register,用户注册,221,114
2023-04-21,null,create,打开创作,765,96
2023-04-21,null,preview,预览,2053,72
2023-04-21,null,engrave,雕刻,3525,68
2023-04-21,null,connect_device,连接设备,8520,1237
2023-04-21,null,search_device,搜索设备,15395,1320
2023-04-22,null,canvas_image_grey,灰度,1,1
2023-04-22,null,rn_publish,发帖,1,1
2023-04-22,null,inch_unit,公制单位,2,2
2023-04-22,null,mm_unit,毫米单位,2,2
2023-04-22,null,rn_share,分享,5,3
2023-04-22,null,smart_assistant,智能指南,5,5
2023-04-22,null,canvas_image_seal,印章,10,5
2023-04-22,null,rn_help,帮助,23,19
2023-04-22,null,rn_faq,FAQ,25,18
2023-04-22,null,canvas_doodle,创作涂鸦,25,11
2023-04-22,null,canvas_image_print,版画,30,14
2023-04-22,null,canvas_image_bw,黑白画,42,21
2023-04-22,null,rn_course,新手教程,47,24
2023-04-22,null,canvas_material,创作素材,53,20
2023-04-22,null,rn_guide,新手引导,54,43
2023-04-22,null,canvas_image_gcode,GCode,84,20
2023-04-22,null,canvas_image,创作图片,114,36
2023-04-22,null,canvas_text,创作文本,136,25
2023-04-22,null,user_register,用户注册,155,74
2023-04-22,null,canvas_shape,创作形状,182,35
2023-04-22,null,canvas_image_dithering,抖动,390,42
2023-04-22,null,create,打开创作,1207,79
2023-04-22,null,preview,预览,2746,67
2023-04-22,null,engrave,雕刻,3663,64
2023-04-22,null,connect_device,连接设备,9401,1110
2023-04-22,null,search_device,搜索设备,14799,1197
2023-04-23,null,smart_assistant,智能指南,1,1
2023-04-23,null,rn_share,分享,2,2
2023-04-23,null,rn_help,帮助,18,15
2023-04-23,null,canvas_image_grey,灰度,20,4
2023-04-23,null,canvas_image_seal,印章,23,13
2023-04-23,null,rn_course,新手教程,23,12
2023-04-23,null,rn_faq,FAQ,25,20
2023-04-23,null,canvas_doodle,创作涂鸦,31,13
2023-04-23,null,rn_guide,新手引导,42,28
2023-04-23,null,canvas_material,创作素材,53,23
2023-04-23,null,canvas_image_print,版画,60,17
2023-04-23,null,canvas_image_bw,黑白画,69,23
2023-04-23,null,canvas_text,创作文本,76,23
2023-04-23,null,canvas_image_gcode,GCode,85,21
2023-04-23,null,canvas_image,创作图片,148,39
2023-04-23,null,user_register,用户注册,185,77
2023-04-23,null,canvas_shape,创作形状,200,43
2023-04-23,null,canvas_image_dithering,抖动,331,47
2023-04-23,null,create,打开创作,1107,94
2023-04-23,null,preview,预览,2371,75
2023-04-23,null,engrave,雕刻,5361,73
2023-04-23,null,connect_device,连接设备,9929,1061
2023-04-23,null,search_device,搜索设备,17181,1125
2023-04-24,null,rn_share,分享,1,1
2023-04-24,null,canvas_image_grey,灰度,1,1
2023-04-24,null,smart_assistant,智能指南,3,3
2023-04-24,null,mm_unit,毫米单位,3,2
2023-04-24,null,inch_unit,公制单位,4,3
2023-04-24,null,canvas_image_seal,印章,13,6
2023-04-24,null,rn_help,帮助,17,15
2023-04-24,null,rn_course,新手教程,17,9
2023-04-24,null,rn_faq,FAQ,25,23
2023-04-24,null,canvas_doodle,创作涂鸦,26,11
2023-04-24,null,canvas_image_print,版画,30,12
2023-04-24,null,canvas_image_gcode,GCode,35,12
2023-04-24,null,canvas_image_bw,黑白画,40,21
2023-04-24,null,rn_guide,新手引导,49,38
2023-04-24,null,canvas_material,创作素材,67,25
2023-04-24,null,canvas_text,创作文本,91,25
2023-04-24,null,canvas_shape,创作形状,128,35
2023-04-24,null,canvas_image,创作图片,146,50
2023-04-24,null,user_register,用户注册,198,105
2023-04-24,null,canvas_image_dithering,抖动,308,40
2023-04-24,null,create,打开创作,1050,105
2023-04-24,null,preview,预览,1955,82
2023-04-24,null,engrave,雕刻,3786,70
2023-04-24,null,connect_device,连接设备,10013,1201
2023-04-24,null,search_device,搜索设备,18993,1298
2023-04-25,null,canvas_image_grey,灰度,3,1
2023-04-25,null,rn_share,分享,5,4
2023-04-25,null,mm_unit,毫米单位,6,5
2023-04-25,null,inch_unit,公制单位,7,6
2023-04-25,null,smart_assistant,智能指南,10,6
2023-04-25,null,rn_course,新手教程,13,8
2023-04-25,null,rn_help,帮助,20,15
2023-04-25,null,canvas_image_seal,印章,20,13
2023-04-25,null,rn_faq,FAQ,23,19
2023-04-25,null,rn_guide,新手引导,36,24
2023-04-25,null,canvas_doodle,创作涂鸦,38,20
2023-04-25,null,canvas_image_bw,黑白画,57,29
2023-04-25,null,canvas_image_print,版画,59,18
2023-04-25,null,canvas_text,创作文本,70,28
2023-04-25,null,canvas_image_gcode,GCode,123,25
2023-04-25,null,canvas_material,创作素材,127,38
2023-04-25,null,user_register,用户注册,202,107
2023-04-25,null,canvas_image_dithering,抖动,202,50
2023-04-25,null,canvas_image,创作图片,265,52
2023-04-25,null,canvas_shape,创作形状,422,53
2023-04-25,null,create,打开创作,1049,106
2023-04-25,null,preview,预览,2733,83
2023-04-25,null,engrave,雕刻,6351,75
2023-04-25,null,connect_device,连接设备,10401,1294
2023-04-25,null,search_device,搜索设备,27100,1387
2023-04-26,null,rn_share,分享,1,1
2023-04-26,null,inch_unit,公制单位,1,1
2023-04-26,null,mm_unit,毫米单位,1,1
2023-04-26,null,smart_assistant,智能指南,2,2
2023-04-26,null,canvas_image_grey,灰度,5,3
2023-04-26,null,rn_help,帮助,14,12
2023-04-26,null,rn_faq,FAQ,17,15
2023-04-26,null,canvas_image_seal,印章,18,12
2023-04-26,null,rn_course,新手教程,32,14
2023-04-26,null,rn_guide,新手引导,35,29
2023-04-26,null,canvas_doodle,创作涂鸦,35,21
2023-04-26,null,canvas_image_print,版画,49,21
2023-04-26,null,canvas_image_gcode,GCode,88,21
2023-04-26,null,canvas_image_bw,黑白画,100,27
2023-04-26,null,canvas_text,创作文本,101,30
2023-04-26,null,canvas_material,创作素材,131,39
2023-04-26,null,user_register,用户注册,196,92
2023-04-26,null,canvas_image_dithering,抖动,250,49
2023-04-26,null,canvas_image,创作图片,250,55
2023-04-26,null,canvas_shape,创作形状,358,55
2023-04-26,null,create,打开创作,1122,115
2023-04-26,null,preview,预览,2615,99
2023-04-26,null,engrave,雕刻,5540,92
2023-04-26,null,connect_device,连接设备,10695,1308
2023-04-26,null,search_device,搜索设备,19908,1390
2023-04-27,null,smart_assistant,智能指南,1,1
2023-04-27,null,mm_unit,毫米单位,2,1
2023-04-27,null,inch_unit,公制单位,2,1
2023-04-27,null,canvas_image_seal,印章,9,4
2023-04-27,null,canvas_doodle,创作涂鸦,26,16
2023-04-27,null,canvas_image_print,版画,28,16
2023-04-27,null,rn_faq,FAQ,34,25
2023-04-27,null,rn_help,帮助,37,26
2023-04-27,null,canvas_image_bw,黑白画,48,21
2023-04-27,null,canvas_image_gcode,GCode,48,20
2023-04-27,null,rn_course,新手教程,48,17
2023-04-27,null,rn_guide,新手引导,62,45
2023-04-27,null,canvas_text,创作文本,66,26
2023-04-27,null,canvas_material,创作素材,111,27
2023-04-27,null,canvas_image_dithering,抖动,203,53
2023-04-27,null,user_register,用户注册,208,104
2023-04-27,null,canvas_image,创作图片,226,48
2023-04-27,null,canvas_shape,创作形状,457,45
2023-04-27,null,create,打开创作,831,92
2023-04-27,null,preview,预览,3060,74
2023-04-27,null,engrave,雕刻,5234,73
2023-04-27,null,connect_device,连接设备,9198,1308
2023-04-27,null,search_device,搜索设备,21704,1405
2023-04-28,null,canvas_image_grey,灰度,1,1
2023-04-28,null,inch_unit,公制单位,1,1
2023-04-28,null,rn_publish,发帖,1,1
2023-04-28,null,smart_assistant,智能指南,1,1
2023-04-28,null,rn_share,分享,3,3
2023-04-28,null,canvas_image_seal,印章,12,9
2023-04-28,null,rn_help,帮助,16,15
2023-04-28,null,canvas_doodle,创作涂鸦,22,12
2023-04-28,null,rn_course,新手教程,35,17
2023-04-28,null,rn_faq,FAQ,36,26
2023-04-28,null,rn_guide,新手引导,38,32
2023-04-28,null,canvas_image_gcode,GCode,55,18
2023-04-28,null,canvas_image_print,版画,56,15
2023-04-28,null,canvas_image_bw,黑白画,107,24
2023-04-28,null,canvas_text,创作文本,114,29
2023-04-28,null,canvas_material,创作素材,136,31
2023-04-28,null,user_register,用户注册,224,110
2023-04-28,null,canvas_image,创作图片,253,47
2023-04-28,null,canvas_image_dithering,抖动,282,51
2023-04-28,null,canvas_shape,创作形状,320,49
2023-04-28,null,create,打开创作,1077,99
2023-04-28,null,preview,预览,2815,86
2023-04-28,null,engrave,雕刻,5667,80
2023-04-28,null,connect_device,连接设备,10943,1357
2023-04-28,null,search_device,搜索设备,22434,1429
2023-04-29,null,smart_assistant,智能指南,1,1
2023-04-29,null,mm_unit,毫米单位,2,1
2023-04-29,null,inch_unit,公制单位,3,2
2023-04-29,null,canvas_image_seal,印章,6,4
2023-04-29,null,rn_share,分享,7,3
2023-04-29,null,canvas_doodle,创作涂鸦,17,11
2023-04-29,null,canvas_image_print,版画,19,9
2023-04-29,null,rn_help,帮助,20,13
2023-04-29,null,rn_faq,FAQ,23,17
2023-04-29,null,rn_course,新手教程,23,14
2023-04-29,null,canvas_image_gcode,GCode,33,10
2023-04-29,null,canvas_material,创作素材,42,13
2023-04-29,null,rn_guide,新手引导,47,29
2023-04-29,null,canvas_image_bw,黑白画,50,17
2023-04-29,null,canvas_text,创作文本,51,19
2023-04-29,null,canvas_shape,创作形状,59,20
2023-04-29,null,canvas_image,创作图片,91,22
2023-04-29,null,canvas_image_dithering,抖动,127,19
2023-04-29,null,user_register,用户注册,216,101
2023-04-29,null,create,打开创作,244,43
2023-04-29,null,preview,预览,677,39
2023-04-29,null,engrave,雕刻,1691,34
2023-04-29,null,connect_device,连接设备,6334,1108
2023-04-29,null,search_device,搜索设备,14803,1185
2023-04-30,null,smart_assistant,智能指南,1,1
2023-04-30,null,inch_unit,公制单位,1,1
2023-04-30,null,canvas_image_seal,印章,4,3
2023-04-30,null,canvas_doodle,创作涂鸦,11,8
2023-04-30,null,rn_help,帮助,14,12
2023-04-30,null,rn_faq,FAQ,21,17
2023-04-30,null,rn_course,新手教程,30,10
2023-04-30,null,canvas_material,创作素材,34,15
2023-04-30,null,rn_guide,新手引导,35,22
2023-04-30,null,canvas_image_print,版画,38,12
2023-04-30,null,canvas_text,创作文本,57,21
2023-04-30,null,canvas_image_bw,黑白画,63,18
2023-04-30,null,canvas_image_dithering,抖动,80,19
2023-04-30,null,canvas_image_gcode,GCode,83,13
2023-04-30,null,canvas_shape,创作形状,107,19
2023-04-30,null,canvas_image,创作图片,116,22
2023-04-30,null,user_register,用户注册,146,76
2023-04-30,null,create,打开创作,180,50
2023-04-30,null,preview,预览,679,41
2023-04-30,null,engrave,雕刻,5236,38
2023-04-30,null,connect_device,连接设备,5838,980
2023-04-30,null,search_device,搜索设备,19856,1047
2023-05-01,null,rn_publish,发帖,1,1
2023-05-01,null,rn_share,分享,2,2
2023-05-01,null,canvas_image_seal,印章,7,6
2023-05-01,null,canvas_doodle,创作涂鸦,16,12
2023-05-01,null,rn_course,新手教程,20,11
2023-05-01,null,rn_help,帮助,22,17
2023-05-01,null,rn_faq,FAQ,25,17
2023-05-01,null,canvas_text,创作文本,34,14
2023-05-01,null,canvas_material,创作素材,40,11
2023-05-01,null,rn_guide,新手引导,42,31
2023-05-01,null,canvas_image_print,版画,42,15
2023-05-01,null,canvas_image_bw,黑白画,63,18
2023-05-01,null,canvas_image_dithering,抖动,66,19
2023-05-01,null,canvas_shape,创作形状,82,16
2023-05-01,null,canvas_image,创作图片,94,21
2023-05-01,null,canvas_image_gcode,GCode,109,16
2023-05-01,null,user_register,用户注册,165,77
2023-05-01,null,create,打开创作,189,46
2023-05-01,null,preview,预览,512,33
2023-05-01,null,engrave,雕刻,4141,31
2023-05-01,null,connect_device,连接设备,5584,1040
2023-05-01,null,search_device,搜索设备,14661,1105
2023-05-02,null,smart_assistant,智能指南,1,1
2023-05-02,null,inch_unit,公制单位,2,2
2023-05-02,null,rn_share,分享,3,2
2023-05-02,null,canvas_image_seal,印章,8,4
2023-05-02,null,canvas_image_print,版画,12,8
2023-05-02,null,rn_faq,FAQ,15,11
2023-05-02,null,canvas_image_gcode,GCode,16,12
2023-05-02,null,rn_course,新手教程,18,8
2023-05-02,null,rn_help,帮助,21,13
2023-05-02,null,canvas_doodle,创作涂鸦,21,8
2023-05-02,null,canvas_material,创作素材,27,15
2023-05-02,null,rn_guide,新手引导,35,28
2023-05-02,null,canvas_text,创作文本,39,21
2023-05-02,null,canvas_image_bw,黑白画,42,18
2023-05-02,null,canvas_image,创作图片,135,29
2023-05-02,null,canvas_shape,创作形状,167,28
2023-05-02,null,canvas_image_dithering,抖动,178,35
2023-05-02,null,user_register,用户注册,208,100
2023-05-02,null,create,打开创作,501,73
2023-05-02,null,preview,预览,946,59
2023-05-02,null,engrave,雕刻,4204,52
2023-05-02,null,connect_device,连接设备,7259,1240
2023-05-02,null,search_device,搜索设备,25999,1324
2023-05-03,null,mm_unit,毫米单位,1,1
2023-05-03,null,smart_assistant,智能指南,2,2
2023-05-03,null,inch_unit,公制单位,2,2
2023-05-03,null,canvas_image_grey,灰度,3,1
2023-05-03,null,rn_help,帮助,11,10
2023-05-03,null,canvas_image_seal,印章,15,8
2023-05-03,null,canvas_image_print,版画,18,10
2023-05-03,null,rn_faq,FAQ,20,17
2023-05-03,null,rn_course,新手教程,22,9
2023-05-03,null,canvas_doodle,创作涂鸦,27,15
2023-05-03,null,canvas_material,创作素材,32,13
2023-05-03,null,rn_guide,新手引导,38,31
2023-05-03,null,canvas_image_bw,黑白画,54,20
2023-05-03,null,canvas_image_gcode,GCode,57,18
2023-05-03,null,canvas_text,创作文本,65,20
2023-05-03,null,canvas_image_dithering,抖动,218,40
2023-05-03,null,user_register,用户注册,224,105
2023-05-03,null,canvas_image,创作图片,251,34
2023-05-03,null,canvas_shape,创作形状,257,31
2023-05-03,null,create,打开创作,709,72
2023-05-03,null,preview,预览,1616,59
2023-05-03,null,engrave,雕刻,4632,53
2023-05-03,null,connect_device,连接设备,8304,1265
2023-05-03,null,search_device,搜索设备,26461,1364
2023-05-04,null,rn_publish,发帖,1,1
2023-05-04,null,canvas_image_grey,灰度,2,1
2023-05-04,null,smart_assistant,智能指南,3,1
2023-05-04,null,inch_unit,公制单位,5,3
2023-05-04,null,mm_unit,毫米单位,5,3
2023-05-04,null,rn_share,分享,9,3
2023-05-04,null,canvas_image_seal,印章,17,10
2023-05-04,null,canvas_doodle,创作涂鸦,19,11
2023-05-04,null,rn_help,帮助,20,18
2023-05-04,null,rn_course,新手教程,20,10
2023-05-04,null,rn_faq,FAQ,26,25
2023-05-04,null,rn_guide,新手引导,43,32
2023-05-04,null,canvas_image_print,版画,49,15
2023-05-04,null,canvas_material,创作素材,69,24
2023-05-04,null,canvas_image_bw,黑白画,70,23
2023-05-04,null,canvas_text,创作文本,78,26
2023-05-04,null,canvas_image_gcode,GCode,100,21
2023-05-04,null,user_register,用户注册,239,108
2023-05-04,null,canvas_image_dithering,抖动,246,45
2023-05-04,null,canvas_image,创作图片,250,43
2023-05-04,null,canvas_shape,创作形状,362,45
2023-05-04,null,create,打开创作,767,97
2023-05-04,null,preview,预览,1825,78
2023-05-04,null,engrave,雕刻,2825,67
2023-05-04,null,connect_device,连接设备,8709,1323
2023-05-04,null,search_device,搜索设备,34330,1422
2023-05-05,null,inch_unit,公制单位,3,3
2023-05-05,null,canvas_image_seal,印章,5,5
2023-05-05,null,rn_share,分享,7,2
2023-05-05,null,rn_help,帮助,18,12
2023-05-05,null,canvas_doodle,创作涂鸦,22,15
2023-05-05,null,canvas_image_grey,灰度,25,3
2023-05-05,null,rn_faq,FAQ,27,20
2023-05-05,null,canvas_image_print,版画,31,13
2023-05-05,null,rn_course,新手教程,32,12
2023-05-05,null,rn_guide,新手引导,44,27
2023-05-05,null,canvas_material,创作素材,70,24
2023-05-05,null,canvas_image_gcode,GCode,73,21
2023-05-05,null,canvas_text,创作文本,73,23
2023-05-05,null,canvas_image_bw,黑白画,84,28
2023-05-05,null,user_register,用户注册,209,100
2023-05-05,null,canvas_image,创作图片,261,49
2023-05-05,null,canvas_image_dithering,抖动,325,50
2023-05-05,null,canvas_shape,创作形状,390,35
2023-05-05,null,create,打开创作,1079,102
2023-05-05,null,preview,预览,2175,91
2023-05-05,null,engrave,雕刻,5320,80
2023-05-05,null,connect_device,连接设备,10000,1282
2023-05-05,null,search_device,搜索设备,43827,1365
2023-05-06,null,rn_publish,发帖,1,1
2023-05-06,null,inch_unit,公制单位,1,1
2023-05-06,null,rn_share,分享,2,2
2023-05-06,null,canvas_image_grey,灰度,14,4
2023-05-06,null,canvas_doodle,创作涂鸦,16,10
2023-05-06,null,rn_help,帮助,22,18
2023-05-06,null,rn_faq,FAQ,23,17
2023-05-06,null,rn_course,新手教程,31,11
2023-05-06,null,canvas_image_seal,印章,34,10
2023-05-06,null,canvas_image_print,版画,44,18
2023-05-06,null,rn_guide,新手引导,55,37
2023-05-06,null,canvas_text,创作文本,58,27
2023-05-06,null,canvas_material,创作素材,58,22
2023-05-06,null,canvas_image_gcode,GCode,72,22
2023-05-06,null,canvas_image_bw,黑白画,103,29
2023-05-06,null,user_register,用户注册,222,109
2023-05-06,null,canvas_image,创作图片,256,46
2023-05-06,null,canvas_shape,创作形状,318,40
2023-05-06,null,canvas_image_dithering,抖动,336,49
2023-05-06,null,create,打开创作,1120,103
2023-05-06,null,preview,预览,2363,87
2023-05-06,null,engrave,雕刻,7392,80
2023-05-06,null,connect_device,连接设备,9728,1228
2023-05-06,null,search_device,搜索设备,23210,1311
2023-05-07,null,mm_unit,毫米单位,2,2
2023-05-07,null,inch_unit,公制单位,2,2
2023-05-07,null,smart_assistant,智能指南,6,3
2023-05-07,null,rn_share,分享,9,1
2023-05-07,null,canvas_image_seal,印章,12,8
2023-05-07,null,canvas_doodle,创作涂鸦,15,11
2023-05-07,null,rn_help,帮助,17,14
2023-05-07,null,rn_faq,FAQ,17,15
2023-05-07,null,canvas_image_print,版画,20,12
2023-05-07,null,rn_course,新手教程,42,13
2023-05-07,null,canvas_text,创作文本,48,17
2023-05-07,null,rn_guide,新手引导,49,33
2023-05-07,null,canvas_image_gcode,GCode,56,12
2023-05-07,null,canvas_material,创作素材,63,19
2023-05-07,null,canvas_image_bw,黑白画,69,16
2023-05-07,null,canvas_image_dithering,抖动,157,32
2023-05-07,null,user_register,用户注册,176,83
2023-05-07,null,canvas_image,创作图片,183,38
2023-05-07,null,canvas_shape,创作形状,187,30
2023-05-07,null,create,打开创作,667,78
2023-05-07,null,preview,预览,1389,68
2023-05-07,null,engrave,雕刻,5653,65
2023-05-07,null,connect_device,连接设备,7951,1067
2023-05-07,null,search_device,搜索设备,21049,1144
2023-05-08,null,inch_unit,公制单位,1,1
2023-05-08,null,rn_publish,发帖,1,1
2023-05-08,null,mm_unit,毫米单位,1,1
2023-05-08,null,rn_share,分享,2,1
2023-05-08,null,smart_assistant,智能指南,2,2
2023-05-08,null,canvas_image_seal,印章,8,4
2023-05-08,null,canvas_image_print,版画,17,10
2023-05-08,null,canvas_doodle,创作涂鸦,18,13
2023-05-08,null,rn_faq,FAQ,22,16
2023-05-08,null,rn_help,帮助,24,19
2023-05-08,null,canvas_image_bw,黑白画,34,13
2023-05-08,null,canvas_image_gcode,GCode,37,16
2023-05-08,null,rn_course,新手教程,45,19
2023-05-08,null,rn_guide,新手引导,62,47
2023-05-08,null,canvas_text,创作文本,86,28
2023-05-08,null,canvas_material,创作素材,205,33
2023-05-08,null,user_register,用户注册,218,105
2023-05-08,null,canvas_image_dithering,抖动,274,47
2023-05-08,null,canvas_image,创作图片,320,48
2023-05-08,null,canvas_shape,创作形状,390,38
2023-05-08,null,create,打开创作,1304,113
2023-05-08,null,preview,预览,3088,98
2023-05-08,null,engrave,雕刻,5837,93
2023-05-08,null,connect_device,连接设备,10773,1300
2023-05-08,null,search_device,搜索设备,20773,1392
2023-05-09,null,rn_share,分享,1,1
2023-05-09,null,smart_assistant,智能指南,3,3
2023-05-09,null,mm_unit,毫米单位,4,2
2023-05-09,null,inch_unit,公制单位,4,2
2023-05-09,null,canvas_image_seal,印章,13,10
2023-05-09,null,canvas_doodle,创作涂鸦,22,13
2023-05-09,null,rn_help,帮助,23,22
2023-05-09,null,rn_faq,FAQ,23,19
2023-05-09,null,canvas_image_print,版画,43,17
2023-05-09,null,rn_guide,新手引导,44,35
2023-05-09,null,canvas_image_gcode,GCode,47,17
2023-05-09,null,rn_course,新手教程,52,17
2023-05-09,null,canvas_image_bw,黑白画,85,36
2023-05-09,null,canvas_text,创作文本,87,26
2023-05-09,null,canvas_material,创作素材,169,29
2023-05-09,null,canvas_image,创作图片,303,48
2023-05-09,null,user_register,用户注册,330,157
2023-05-09,null,canvas_shape,创作形状,403,46
2023-05-09,null,canvas_image_dithering,抖动,404,61
2023-05-09,null,create,打开创作,1388,122
2023-05-09,null,preview,预览,3802,105
2023-05-09,null,engrave,雕刻,8068,98
2023-05-09,null,connect_device,连接设备,12960,1458
2023-05-09,null,search_device,搜索设备,29104,1537
2023-05-10,null,rn_publish,发帖,1,1
2023-05-10,null,smart_assistant,智能指南,2,2
2023-05-10,null,mm_unit,毫米单位,3,3
2023-05-10,null,rn_share,分享,4,4
2023-05-10,null,canvas_image_grey,灰度,4,1
2023-05-10,null,inch_unit,公制单位,4,4
2023-05-10,null,canvas_image_seal,印章,12,9
2023-05-10,null,rn_help,帮助,27,23
2023-05-10,null,canvas_doodle,创作涂鸦,27,13
2023-05-10,null,rn_faq,FAQ,28,24
2023-05-10,null,rn_course,新手教程,34,14
2023-05-10,null,canvas_image_print,版画,44,19
2023-05-10,null,canvas_image_gcode,GCode,64,24
2023-05-10,null,rn_guide,新手引导,71,50
2023-05-10,null,canvas_text,创作文本,73,26
2023-05-10,null,canvas_image_bw,黑白画,93,24
2023-05-10,null,canvas_material,创作素材,147,34
2023-05-10,null,user_register,用户注册,259,128
2023-05-10,null,canvas_image,创作图片,296,53
2023-05-10,null,canvas_image_dithering,抖动,312,50
2023-05-10,null,canvas_shape,创作形状,435,43
2023-05-10,null,create,打开创作,1026,111
2023-05-10,null,preview,预览,3045,107
2023-05-10,null,engrave,雕刻,6944,100
2023-05-10,null,connect_device,连接设备,10957,1454
2023-05-10,null,search_device,搜索设备,19041,1535
2023-05-11,null,rn_publish,发帖,1,1
2023-05-11,null,rn_share,分享,2,2
2023-05-11,null,mm_unit,毫米单位,2,2
2023-05-11,null,inch_unit,公制单位,3,3
2023-05-11,null,canvas_image_grey,灰度,5,1
2023-05-11,null,smart_assistant,智能指南,5,4
2023-05-11,null,canvas_image_seal,印章,11,9
2023-05-11,null,rn_help,帮助,17,14
2023-05-11,null,canvas_doodle,创作涂鸦,21,14
2023-05-11,null,rn_faq,FAQ,25,23
2023-05-11,null,rn_guide,新手引导,28,23
2023-05-11,null,rn_course,新手教程,43,23
2023-05-11,null,canvas_text,创作文本,81,27
2023-05-11,null,canvas_image_print,版画,89,16
2023-05-11,null,canvas_material,创作素材,95,39
2023-05-11,null,canvas_image_bw,黑白画,104,27
2023-05-11,null,canvas_image_gcode,GCode,112,17
2023-05-11,null,canvas_shape,创作形状,223,50
2023-05-11,null,user_register,用户注册,242,109
2023-05-11,null,canvas_image_dithering,抖动,298,55
2023-05-11,null,canvas_image,创作图片,324,52
2023-05-11,null,create,打开创作,913,104
2023-05-11,null,preview,预览,3187,96
2023-05-11,null,engrave,雕刻,6605,97
2023-05-11,null,connect_device,连接设备,9528,1377
2023-05-11,null,search_device,搜索设备,17234,1473
2023-05-12,null,rn_share,分享,1,1
2023-05-12,null,rn_publish,发帖,1,1
2023-05-12,null,canvas_image_grey,灰度,2,1
2023-05-12,null,smart_assistant,智能指南,2,2
2023-05-12,null,inch_unit,公制单位,4,4
2023-05-12,null,mm_unit,毫米单位,4,4
2023-05-12,null,canvas_image_seal,印章,9,8
2023-05-12,null,rn_help,帮助,16,15
2023-05-12,null,rn_faq,FAQ,24,21
2023-05-12,null,canvas_doodle,创作涂鸦,29,18
2023-05-12,null,rn_course,新手教程,38,14
2023-05-12,null,canvas_image_gcode,GCode,41,19
2023-05-12,null,rn_guide,新手引导,47,35
2023-05-12,null,canvas_image_print,版画,48,18
2023-05-12,null,canvas_image_bw,黑白画,86,26
2023-05-12,null,canvas_material,创作素材,96,29
2023-05-12,null,canvas_text,创作文本,105,28
2023-05-12,null,canvas_image,创作图片,228,48
2023-05-12,null,canvas_shape,创作形状,231,51
2023-05-12,null,user_register,用户注册,243,116
2023-05-12,null,canvas_image_dithering,抖动,278,53
2023-05-12,null,create,打开创作,1105,115
2023-05-12,null,preview,预览,2808,98
2023-05-12,null,engrave,雕刻,5330,96
2023-05-12,null,connect_device,连接设备,10628,1502
2023-05-12,null,search_device,搜索设备,22676,1563
2023-05-13,null,rn_share,分享,1,1
2023-05-13,null,rn_publish,发帖,1,1
2023-05-13,null,canvas_image_grey,灰度,4,2
2023-05-13,null,inch_unit,公制单位,6,6
2023-05-13,null,mm_unit,毫米单位,6,6
2023-05-13,null,smart_assistant,智能指南,7,7
2023-05-13,null,canvas_image_seal,印章,17,8
2023-05-13,null,rn_help,帮助,18,15
2023-05-13,null,rn_faq,FAQ,18,12
2023-05-13,null,canvas_doodle,创作涂鸦,18,10
2023-05-13,null,rn_guide,新手引导,30,22
2023-05-13,null,rn_course,新手教程,37,16
2023-05-13,null,canvas_image_print,版画,43,19
2023-05-13,null,canvas_material,创作素材,83,30
2023-05-13,null,canvas_text,创作文本,94,28
2023-05-13,null,canvas_image_bw,黑白画,105,32
2023-05-13,null,canvas_image_gcode,GCode,121,19
2023-05-13,null,user_register,用户注册,242,114
2023-05-13,null,canvas_image_dithering,抖动,258,52
2023-05-13,null,canvas_image,创作图片,269,44
2023-05-13,null,canvas_shape,创作形状,439,49
2023-05-13,null,create,打开创作,1224,114
2023-05-13,null,preview,预览,3702,92
2023-05-13,null,engrave,雕刻,6682,87
2023-05-13,null,connect_device,连接设备,10817,1355
2023-05-13,null,search_device,搜索设备,19391,1438
2023-05-14,null,rn_publish,发帖,1,1
2023-05-14,null,smart_assistant,智能指南,3,3
2023-05-14,null,canvas_image_grey,灰度,4,3
2023-05-14,null,mm_unit,毫米单位,6,4
2023-05-14,null,inch_unit,公制单位,7,5
2023-05-14,null,canvas_image_seal,印章,16,9
2023-05-14,null,rn_faq,FAQ,18,15
2023-05-14,null,canvas_doodle,创作涂鸦,20,16
2023-05-14,null,rn_help,帮助,22,17
2023-05-14,null,rn_guide,新手引导,44,32
2023-05-14,null,canvas_image_print,版画,50,19
2023-05-14,null,canvas_material,创作素材,57,28
2023-05-14,null,rn_course,新手教程,65,18
2023-05-14,null,canvas_image_gcode,GCode,103,25
2023-05-14,null,canvas_text,创作文本,105,37
2023-05-14,null,canvas_shape,创作形状,191,43
2023-05-14,null,user_register,用户注册,195,97
2023-05-14,null,canvas_image_bw,黑白画,197,32
2023-05-14,null,canvas_image_dithering,抖动,282,54
2023-05-14,null,canvas_image,创作图片,301,59
2023-05-14,null,create,打开创作,1564,106
2023-05-14,null,preview,预览,3089,89
2023-05-14,null,engrave,雕刻,7395,82
2023-05-14,null,connect_device,连接设备,11739,1194
2023-05-14,null,search_device,搜索设备,16421,1278
2023-05-15,null,rn_share,分享,4,2
2023-05-15,null,smart_assistant,智能指南,4,1
2023-05-15,null,mm_unit,毫米单位,4,1
2023-05-15,null,inch_unit,公制单位,5,1
2023-05-15,null,canvas_image_grey,灰度,7,2
2023-05-15,null,canvas_image_seal,印章,13,11
2023-05-15,null,canvas_image_print,版画,27,15
2023-05-15,null,canvas_doodle,创作涂鸦,28,16
2023-05-15,null,rn_faq,FAQ,34,25
2023-05-15,null,rn_help,帮助,38,28
2023-05-15,null,rn_course,新手教程,48,24
2023-05-15,null,canvas_material,创作素材,54,23
2023-05-15,null,canvas_image_gcode,GCode,61,14
2023-05-15,null,rn_guide,新手引导,63,44
2023-05-15,null,canvas_text,创作文本,73,24
2023-05-15,null,canvas_image_bw,黑白画,144,27
2023-05-15,null,user_register,用户注册,229,104
2023-05-15,null,canvas_image_dithering,抖动,245,49
2023-05-15,null,canvas_image,创作图片,271,52
2023-05-15,null,canvas_shape,创作形状,298,47
2023-05-15,null,create,打开创作,1166,119
2023-05-15,null,preview,预览,3448,96
2023-05-15,null,engrave,雕刻,8473,90
2023-05-15,null,connect_device,连接设备,11205,1386
2023-05-15,null,search_device,搜索设备,18897,1496
2023-05-16,null,mm_unit,毫米单位,1,1
2023-05-16,null,inch_unit,公制单位,3,3
2023-05-16,null,smart_assistant,智能指南,5,3
2023-05-16,null,canvas_image_seal,印章,19,16
2023-05-16,null,rn_faq,FAQ,23,19
2023-05-16,null,rn_help,帮助,33,21
2023-05-16,null,rn_course,新手教程,37,15
2023-05-16,null,canvas_doodle,创作涂鸦,39,19
2023-05-16,null,rn_guide,新手引导,45,35
2023-05-16,null,canvas_image_print,版画,53,23
2023-05-16,null,canvas_material,创作素材,110,49
2023-05-16,null,canvas_image_gcode,GCode,111,24
2023-05-16,null,canvas_image_bw,黑白画,145,39
2023-05-16,null,canvas_text,创作文本,170,42
2023-05-16,null,canvas_image,创作图片,266,52
2023-05-16,null,canvas_image_dithering,抖动,295,63
2023-05-16,null,user_register,用户注册,305,137
2023-05-16,null,canvas_shape,创作形状,345,57
2023-05-16,null,create,打开创作,1677,128
2023-05-16,null,preview,预览,3628,114
2023-05-16,null,engrave,雕刻,7726,106
2023-05-16,null,connect_device,连接设备,12873,1407
2023-05-16,null,search_device,搜索设备,19697,1518
2023-05-17,null,rn_share,分享,2,1
2023-05-17,null,mm_unit,毫米单位,4,3
2023-05-17,null,canvas_image_grey,灰度,5,2
2023-05-17,null,inch_unit,公制单位,5,4
2023-05-17,null,smart_assistant,智能指南,5,4
2023-05-17,null,canvas_image_seal,印章,11,6
2023-05-17,null,rn_help,帮助,17,17
2023-05-17,null,rn_faq,FAQ,26,19
2023-05-17,null,rn_course,新手教程,26,14
2023-05-17,null,canvas_doodle,创作涂鸦,30,19
2023-05-17,null,canvas_image_print,版画,44,22
2023-05-17,null,rn_guide,新手引导,48,30
2023-05-17,null,canvas_material,创作素材,62,35
2023-05-17,null,canvas_image_gcode,GCode,106,23
2023-05-17,null,canvas_text,创作文本,116,44
2023-05-17,null,canvas_shape,创作形状,133,53
2023-05-17,null,canvas_image_bw,黑白画,168,36
2023-05-17,null,canvas_image,创作图片,204,45
2023-05-17,null,user_register,用户注册,229,117
2023-05-17,null,canvas_image_dithering,抖动,357,63
2023-05-17,null,create,打开创作,1826,130
2023-05-17,null,preview,预览,3643,110
2023-05-17,null,engrave,雕刻,6595,99
2023-05-17,null,connect_device,连接设备,14499,1443
2023-05-17,null,search_device,搜索设备,24748,1539
2023-05-18,null,rn_share,分享,1,1
2023-05-18,null,rn_publish,发帖,1,1
2023-05-18,null,smart_assistant,智能指南,5,5
2023-05-18,null,mm_unit,毫米单位,5,4
2023-05-18,null,inch_unit,公制单位,6,5
2023-05-18,null,canvas_image_seal,印章,7,4
2023-05-18,null,rn_course,新手教程,9,8
2023-05-18,null,canvas_doodle,创作涂鸦,15,12
2023-05-18,null,canvas_image_print,版画,19,11
2023-05-18,null,rn_help,帮助,25,22
2023-05-18,null,rn_faq,FAQ,28,22
2023-05-18,null,canvas_image_gcode,GCode,43,17
2023-05-18,null,rn_guide,新手引导,49,32
2023-05-18,null,canvas_material,创作素材,56,33
2023-05-18,null,canvas_image_bw,黑白画,98,21
2023-05-18,null,canvas_text,创作文本,103,44
2023-05-18,null,canvas_shape,创作形状,204,49
2023-05-18,null,user_register,用户注册,228,107
2023-05-18,null,canvas_image,创作图片,229,43
2023-05-18,null,canvas_image_dithering,抖动,372,63
2023-05-18,null,create,打开创作,1815,127
2023-05-18,null,preview,预览,3898,109
2023-05-18,null,engrave,雕刻,6859,104
2023-05-18,null,connect_device,连接设备,13576,1422
2023-05-18,null,search_device,搜索设备,30071,1502
2023-05-19,null,rn_share,分享,1,1
2023-05-19,null,inch_unit,公制单位,1,1
2023-05-19,null,mm_unit,毫米单位,1,1
2023-05-19,null,rn_publish,发帖,2,1
2023-05-19,null,rn_course,新手教程,7,5
2023-05-19,null,canvas_image_seal,印章,9,7
2023-05-19,null,rn_help,帮助,23,15
2023-05-19,null,canvas_image_grey,灰度,25,4
2023-05-19,null,canvas_doodle,创作涂鸦,26,8
2023-05-19,null,rn_faq,FAQ,28,11
2023-05-19,null,canvas_image_print,版画,30,12
2023-05-19,null,rn_guide,新手引导,32,23
2023-05-19,null,canvas_material,创作素材,48,25
2023-05-19,null,canvas_text,创作文本,77,33
2023-05-19,null,canvas_image_bw,黑白画,89,26
2023-05-19,null,canvas_shape,创作形状,158,39
2023-05-19,null,canvas_image_gcode,GCode,160,16
2023-05-19,null,user_register,用户注册,213,96
2023-05-19,null,canvas_image,创作图片,286,46
2023-05-19,null,canvas_image_dithering,抖动,325,54
2023-05-19,null,create,打开创作,1705,125
2023-05-19,null,preview,预览,4342,118
2023-05-19,null,engrave,雕刻,6302,107
2023-05-19,null,connect_device,连接设备,14532,1368
2023-05-19,null,search_device,搜索设备,18018,1458
2023-05-20,null,rn_publish,发帖,1,1
2023-05-20,null,inch_unit,公制单位,2,2
2023-05-20,null,mm_unit,毫米单位,2,2
2023-05-20,null,smart_assistant,智能指南,4,2
2023-05-20,null,rn_share,分享,6,4
2023-05-20,null,canvas_image_grey,灰度,6,3
2023-05-20,null,rn_help,帮助,18,12
2023-05-20,null,rn_course,新手教程,18,11
2023-05-20,null,canvas_image_seal,印章,20,11
2023-05-20,null,rn_faq,FAQ,28,18
2023-05-20,null,rn_guide,新手引导,32,25
2023-05-20,null,canvas_doodle,创作涂鸦,34,19
2023-05-20,null,canvas_material,创作素材,35,22
2023-05-20,null,canvas_image_print,版画,41,17
2023-05-20,null,canvas_image_bw,黑白画,57,27
2023-05-20,null,canvas_text,创作文本,88,32
2023-05-20,null,canvas_image_gcode,GCode,93,24
2023-05-20,null,user_register,用户注册,170,86
2023-05-20,null,canvas_shape,创作形状,260,40
2023-05-20,null,canvas_image,创作图片,343,47
2023-05-20,null,canvas_image_dithering,抖动,354,59
2023-05-20,null,create,打开创作,1706,117
2023-05-20,null,preview,预览,4596,102
2023-05-20,null,engrave,雕刻,7647,97
2023-05-20,null,connect_device,连接设备,14049,1184
2023-05-20,null,search_device,搜索设备,24446,1254
2023-05-21,null,inch_unit,公制单位,1,1
2023-05-21,null,rn_share,分享,2,1
2023-05-21,null,smart_assistant,智能指南,3,3
2023-05-21,null,canvas_image_seal,印章,9,6
2023-05-21,null,rn_help,帮助,11,11
2023-05-21,null,rn_faq,FAQ,16,13
2023-05-21,null,rn_course,新手教程,23,14
2023-05-21,null,canvas_doodle,创作涂鸦,27,12
2023-05-21,null,canvas_material,创作素材,33,14
2023-05-21,null,canvas_image_print,版画,34,17
2023-05-21,null,rn_guide,新手引导,42,29
2023-05-21,null,canvas_image_gcode,GCode,47,17
2023-05-21,null,canvas_image_bw,黑白画,57,20
2023-05-21,null,canvas_text,创作文本,70,26
2023-05-21,null,canvas_image,创作图片,73,20
2023-05-21,null,canvas_image_dithering,抖动,89,22
2023-05-21,null,canvas_shape,创作形状,135,22
2023-05-21,null,user_register,用户注册,190,84
2023-05-21,null,create,打开创作,256,58
2023-05-21,null,preview,预览,909,52
2023-05-21,null,engrave,雕刻,3705,52
2023-05-21,null,connect_device,连接设备,6354,1068
2023-05-21,null,search_device,搜索设备,15502,1144
2023-05-22,null,rn_share,分享,2,2
2023-05-22,null,canvas_image_grey,灰度,2,2
2023-05-22,null,rn_publish,发帖,4,3
2023-05-22,null,inch_unit,公制单位,5,2
2023-05-22,null,mm_unit,毫米单位,5,2
2023-05-22,null,smart_assistant,智能指南,7,6
2023-05-22,null,canvas_image_seal,印章,9,7
2023-05-22,null,canvas_doodle,创作涂鸦,21,14
2023-05-22,null,rn_course,新手教程,27,20
2023-05-22,null,rn_help,帮助,29,21
2023-05-22,null,rn_faq,FAQ,32,21
2023-05-22,null,canvas_image_print,版画,44,20
2023-05-22,null,rn_guide,新手引导,53,34
2023-05-22,null,canvas_material,创作素材,61,26
2023-05-22,null,canvas_text,创作文本,63,26
2023-05-22,null,canvas_image_bw,黑白画,82,27
2023-05-22,null,canvas_image_gcode,GCode,130,20
2023-05-22,null,user_register,用户注册,221,105
2023-05-22,null,canvas_shape,创作形状,274,42
2023-05-22,null,canvas_image_dithering,抖动,343,59
2023-05-22,null,canvas_image,创作图片,355,55
2023-05-22,null,create,打开创作,1807,127
2023-05-22,null,preview,预览,5281,113
2023-05-22,null,engrave,雕刻,8042,102
2023-05-22,null,connect_device,连接设备,13964,1266
2023-05-22,null,search_device,搜索设备,19075,1355
2023-05-23,null,rn_share,分享,1,1
2023-05-23,null,rn_publish,发帖,1,1
2023-05-23,null,smart_assistant,智能指南,3,2
2023-05-23,null,inch_unit,公制单位,5,2
2023-05-23,null,mm_unit,毫米单位,5,2
2023-05-23,null,canvas_image_grey,灰度,7,3
2023-05-23,null,canvas_image_seal,印章,10,5
2023-05-23,null,canvas_doodle,创作涂鸦,18,12
2023-05-23,null,rn_faq,FAQ,21,20
2023-05-23,null,rn_course,新手教程,26,14
2023-05-23,null,canvas_image_print,版画,27,9
2023-05-23,null,rn_help,帮助,32,22
2023-05-23,null,canvas_image_bw,黑白画,39,20
2023-05-23,null,canvas_image_gcode,GCode,49,16
2023-05-23,null,rn_guide,新手引导,54,35
2023-05-23,null,canvas_text,创作文本,72,27
2023-05-23,null,canvas_material,创作素材,99,28
2023-05-23,null,canvas_image,创作图片,126,37
2023-05-23,null,canvas_shape,创作形状,192,44
2023-05-23,null,canvas_image_dithering,抖动,194,34
2023-05-23,null,user_register,用户注册,227,110
2023-05-23,null,create,打开创作,1265,93
2023-05-23,null,preview,预览,4074,91
2023-05-23,null,engrave,雕刻,7722,90
2023-05-23,null,connect_device,连接设备,12350,1411
2023-05-23,null,search_device,搜索设备,21303,1483
2023-05-24,null,smart_assistant,智能指南,3,2
2023-05-24,null,rn_publish,发帖,4,2
2023-05-24,null,mm_unit,毫米单位,4,3
2023-05-24,null,rn_course,新手教程,5,4
2023-05-24,null,inch_unit,公制单位,6,4
2023-05-24,null,rn_share,分享,8,4
2023-05-24,null,rn_faq,FAQ,19,15
2023-05-24,null,canvas_image_seal,印章,19,10
2023-05-24,null,rn_help,帮助,20,18
2023-05-24,null,canvas_image_grey,灰度,24,4
2023-05-24,null,canvas_doodle,创作涂鸦,43,17
2023-05-24,null,rn_guide,新手引导,48,38
2023-05-24,null,canvas_image_print,版画,62,20
2023-05-24,null,canvas_image_bw,黑白画,91,27
2023-05-24,null,canvas_image_gcode,GCode,93,24
2023-05-24,null,canvas_material,创作素材,96,29
2023-05-24,null,canvas_text,创作文本,124,29
2023-05-24,null,user_register,用户注册,199,102
2023-05-24,null,canvas_shape,创作形状,201,44
2023-05-24,null,canvas_image,创作图片,265,46
2023-05-24,null,canvas_image_dithering,抖动,458,48
2023-05-24,null,create,打开创作,1688,121
2023-05-24,null,preview,预览,5572,101
2023-05-24,null,engrave,雕刻,8856,93
2023-05-24,null,connect_device,连接设备,15284,1438
2023-05-24,null,search_device,搜索设备,22429,1538
2023-05-25,null,rn_publish,发帖,1,1
2023-05-25,null,smart_assistant,智能指南,2,2
2023-05-25,null,mm_unit,毫米单位,5,4
2023-05-25,null,rn_share,分享,7,2
2023-05-25,null,canvas_image_grey,灰度,10,4
2023-05-25,null,inch_unit,公制单位,11,8
2023-05-25,null,rn_course,新手教程,18,12
2023-05-25,null,canvas_doodle,创作涂鸦,20,14
2023-05-25,null,rn_faq,FAQ,21,19
2023-05-25,null,canvas_image_seal,印章,23,12
2023-05-25,null,rn_guide,新手引导,26,20
2023-05-25,null,rn_help,帮助,28,24
2023-05-25,null,canvas_image_print,版画,39,16
2023-05-25,null,canvas_image_gcode,GCode,52,19
2023-05-25,null,canvas_material,创作素材,79,32
2023-05-25,null,canvas_image_bw,黑白画,81,25
2023-05-25,null,canvas_text,创作文本,84,32
2023-05-25,null,canvas_shape,创作形状,194,50
2023-05-25,null,user_register,用户注册,201,99
2023-05-25,null,canvas_image,创作图片,272,44
2023-05-25,null,canvas_image_dithering,抖动,291,47
2023-05-25,null,create,打开创作,1652,128
2023-05-25,null,preview,预览,5198,121
2023-05-25,null,engrave,雕刻,7511,107
2023-05-25,null,connect_device,连接设备,14519,1422
2023-05-25,null,search_device,搜索设备,23560,1518
2023-05-26,null,smart_assistant,智能指南,1,1
2023-05-26,null,mm_unit,毫米单位,3,3
2023-05-26,null,rn_share,分享,4,2
2023-05-26,null,inch_unit,公制单位,5,4
2023-05-26,null,canvas_image_seal,印章,6,6
2023-05-26,null,rn_course,新手教程,11,8
2023-05-26,null,rn_help,帮助,17,11
2023-05-26,null,canvas_image_grey,灰度,19,5
2023-05-26,null,canvas_doodle,创作涂鸦,25,19
2023-05-26,null,rn_faq,FAQ,32,26
2023-05-26,null,canvas_image_print,版画,38,17
2023-05-26,null,rn_guide,新手引导,48,33
2023-05-26,null,canvas_image_gcode,GCode,54,15
2023-05-26,null,canvas_material,创作素材,63,30
2023-05-26,null,canvas_image_bw,黑白画,75,25
2023-05-26,null,canvas_text,创作文本,85,35
2023-05-26,null,user_register,用户注册,206,99
2023-05-26,null,canvas_image,创作图片,219,52
2023-05-26,null,canvas_shape,创作形状,285,53
2023-05-26,null,canvas_image_dithering,抖动,302,46
2023-05-26,null,create,打开创作,2005,131
2023-05-26,null,preview,预览,6400,124
2023-05-26,null,engrave,雕刻,9135,115
2023-05-26,null,connect_device,连接设备,16543,1445
2023-05-26,null,search_device,搜索设备,21836,1524
2023-05-27,null,rn_share,分享,1,1
2023-05-27,null,smart_assistant,智能指南,2,2
2023-05-27,null,inch_unit,公制单位,3,3
2023-05-27,null,mm_unit,毫米单位,3,3
2023-05-27,null,canvas_image_grey,灰度,9,3
2023-05-27,null,rn_course,新手教程,12,9
2023-05-27,null,rn_help,帮助,17,14
2023-05-27,null,rn_faq,FAQ,19,18
2023-05-27,null,canvas_image_seal,印章,24,10
2023-05-27,null,canvas_doodle,创作涂鸦,32,13
2023-05-27,null,rn_guide,新手引导,36,28
2023-05-27,null,canvas_image_print,版画,56,17
2023-05-27,null,canvas_image_gcode,GCode,73,21
2023-05-27,null,canvas_material,创作素材,79,34
2023-05-27,null,canvas_image_bw,黑白画,109,30
2023-05-27,null,canvas_text,创作文本,117,42
2023-05-27,null,user_register,用户注册,156,80
2023-05-27,null,canvas_image,创作图片,213,55
2023-05-27,null,canvas_shape,创作形状,239,54
2023-05-27,null,canvas_image_dithering,抖动,335,51
2023-05-27,null,create,打开创作,1690,122
2023-05-27,null,preview,预览,4743,109
2023-05-27,null,engrave,雕刻,10096,103
2023-05-27,null,connect_device,连接设备,13200,1186
2023-05-27,null,search_device,搜索设备,20158,1271
2023-05-28,null,rn_share,分享,1,1
2023-05-28,null,rn_publish,发帖,1,1
2023-05-28,null,smart_assistant,智能指南,2,2
2023-05-28,null,inch_unit,公制单位,3,2
2023-05-28,null,mm_unit,毫米单位,3,2
2023-05-28,null,canvas_image_seal,印章,12,7
2023-05-28,null,rn_help,帮助,13,12
2023-05-28,null,rn_faq,FAQ,18,16
2023-05-28,null,canvas_doodle,创作涂鸦,19,13
2023-05-28,null,rn_course,新手教程,23,14
2023-05-28,null,canvas_image_print,版画,27,16
2023-05-28,null,canvas_image_crop,裁剪,30,15
2023-05-28,null,rn_guide,新手引导,34,27
2023-05-28,null,canvas_image_bw,黑白画,42,20
2023-05-28,null,canvas_image_gcode,GCode,48,15
2023-05-28,null,canvas_text,创作文本,95,31
2023-05-28,null,canvas_material,创作素材,117,27
2023-05-28,null,user_register,用户注册,123,62
2023-05-28,null,canvas_image,创作图片,169,46
2023-05-28,null,canvas_image_dithering,抖动,248,50
2023-05-28,null,canvas_shape,创作形状,383,38
2023-05-28,null,create,打开创作,1055,113
2023-05-28,null,preview,预览,3989,105
2023-05-28,null,engrave,雕刻,5954,97
2023-05-28,null,connect_device,连接设备,11147,1054
2023-05-28,null,search_device,搜索设备,14483,1118
